Source,Destination,Protocol,Length,Info
192.168.1.69,66.22.238.147,UDP,92,50568  >  50009 Len=50
192.168.1.69,66.22.238.147,UDP,1175,50568  >  50009 Len=1133
192.168.1.69,66.22.238.147,UDP,1175,50568  >  50009 Len=1133
192.168.1.69,66.22.238.147,UDP,1175,50568  >  50009 Len=1133
192.168.1.69,66.22.238.147,UDP,1175,50568  >  50009 Len=1133
192.168.1.69,66.22.238.147,UDP,1175,50568  >  50009 Len=1133
192.168.1.69,162.159.135.232,TLSv1.2,476,Application Data
192.168.1.69,162.159.130.234,TCP,54,63850  >  443 [ACK] Seq=1 Ack=1 Win=514 Len=0
192.168.1.69,66.22.238.147,UDP,1175,50568  >  50009 Len=1133
192.168.1.69,66.22.238.147,UDP,1175,50568  >  50009 Len=1133
192.168.1.69,66.22.238.147,UDP,1175,50568  >  50009 Len=1133
192.168.1.69,66.22.238.147,UDP,1175,50568  >  50009 Len=1133
192.168.1.69,66.22.238.147,UDP,1176,50568  >  50009 Len=1134
192.168.1.69,66.22.238.147,UDP,1176,50568  >  50009 Len=1134
192.168.1.69,66.22.238.147,UDP,1176,50568  >  50009 Len=1134
192.168.1.69,66.22.238.147,UDP,92,50568  >  50009 Len=50
192.168.1.69,66.22.238.147,UDP,1170,50568  >  50009 Len=1128
192.168.1.69,66.22.238.147,UDP,1170,50568  >  50009 Len=1128
192.168.1.69,66.22.238.147,UDP,1170,50568  >  50009 Len=1128
192.168.1.69,66.22.238.147,UDP,1170,50568  >  50009 Len=1128
192.168.1.69,66.22.238.147,UDP,1170,50568  >  50009 Len=1128
192.168.1.69,66.22.238.147,UDP,1170,50568  >  50009 Len=1128
192.168.1.69,66.22.238.147,UDP,1170,50568  >  50009 Len=1128
192.168.1.69,66.22.238.147,UDP,1170,50568  >  50009 Len=1128
192.168.1.69,66.22.238.147,UDP,1171,50568  >  50009 Len=1129
192.168.1.69,66.22.238.147,UDP,1171,50568  >  50009 Len=1129
192.168.1.69,66.22.238.147,UDP,1171,50568  >  50009 Len=1129
192.168.1.69,66.22.238.147,UDP,1171,50568  >  50009 Len=1129
192.168.1.69,66.22.238.147,UDP,1171,50568  >  50009 Len=1129
192.168.1.69,162.159.135.232,TLSv1.2,476,Application Data
192.168.1.69,66.22.238.147,UDP,92,50568  >  50009 Len=50
192.168.1.69,66.22.238.147,UDP,1206,50568  >  50009 Len=1164
192.168.1.69,66.22.238.147,UDP,1206,50568  >  50009 Len=1164
192.168.1.69,66.22.238.147,UDP,1206,50568  >  50009 Len=1164
192.168.1.69,66.22.238.147,UDP,1206,50568  >  50009 Len=1164
192.168.1.69,66.22.238.147,UDP,1206,50568  >  50009 Len=1164
192.168.1.69,66.22.238.147,UDP,1206,50568  >  50009 Len=1164
192.168.1.69,66.22.238.147,UDP,1207,50568  >  50009 Len=1165
192.168.1.69,66.22.238.147,UDP,1207,50568  >  50009 Len=1165
192.168.1.69,66.22.238.147,UDP,1207,50568  >  50009 Len=1165
192.168.1.69,66.22.238.147,UDP,1207,50568  >  50009 Len=1165
192.168.1.69,66.22.238.147,UDP,1207,50568  >  50009 Len=1165
192.168.1.69,66.22.238.147,RTCP,118,Sender Report   
192.168.1.69,162.159.135.232,TLSv1.2,476,Application Data
192.168.1.69,66.22.238.147,UDP,92,50568  >  50009 Len=50
192.168.1.69,66.22.238.147,UDP,1245,50568  >  50009 Len=1203
192.168.1.69,66.22.238.147,UDP,1245,50568  >  50009 Len=1203
192.168.1.69,66.22.238.147,UDP,1245,50568  >  50009 Len=1203
192.168.1.69,66.22.238.147,UDP,1245,50568  >  50009 Len=1203
192.168.1.69,66.22.238.147,UDP,1245,50568  >  50009 Len=1203
192.168.1.69,66.22.238.147,UDP,1246,50568  >  50009 Len=1204
192.168.1.69,66.22.238.147,UDP,1246,50568  >  50009 Len=1204
192.168.1.69,66.22.238.147,UDP,92,50568  >  50009 Len=50
192.168.1.69,66.22.238.147,UDP,1246,50568  >  50009 Len=1204
192.168.1.69,66.22.238.147,UDP,1246,50568  >  50009 Len=1204
192.168.1.69,66.22.238.147,UDP,1246,50568  >  50009 Len=1204
192.168.1.69,66.22.238.147,UDP,1246,50568  >  50009 Len=1204
192.168.1.69,66.22.238.147,UDP,1247,50568  >  50009 Len=1205
192.168.1.69,66.22.238.147,UDP,1247,50568  >  50009 Len=1205
192.168.1.69,66.22.238.147,UDP,1247,50568  >  50009 Len=1205
192.168.1.69,162.159.135.232,TLSv1.2,476,Application Data
192.168.1.69,66.22.238.147,UDP,92,50568  >  50009 Len=50
192.168.1.69,66.22.238.147,UDP,1127,50568  >  50009 Len=1085
192.168.1.69,66.22.238.147,UDP,1127,50568  >  50009 Len=1085
192.168.1.69,66.22.238.147,UDP,1127,50568  >  50009 Len=1085
192.168.1.69,66.22.238.147,UDP,1127,50568  >  50009 Len=1085
192.168.1.69,66.22.238.147,UDP,1127,50568  >  50009 Len=1085
192.168.1.69,66.22.238.147,UDP,1128,50568  >  50009 Len=1086
192.168.1.69,66.22.238.147,UDP,1128,50568  >  50009 Len=1086
192.168.1.69,66.22.238.147,UDP,1128,50568  >  50009 Len=1086
192.168.1.69,66.22.238.147,RTCP,102,Sender Report   
192.168.1.69,66.22.238.147,UDP,92,50568  >  50009 Len=50
192.168.1.69,66.22.238.147,UDP,1154,50568  >  50009 Len=1112
192.168.1.69,66.22.238.147,UDP,1154,50568  >  50009 Len=1112
192.168.1.69,66.22.238.147,UDP,1155,50568  >  50009 Len=1113
192.168.1.69,66.22.238.147,UDP,1155,50568  >  50009 Len=1113
192.168.1.69,66.22.238.147,UDP,1155,50568  >  50009 Len=1113
192.168.1.69,162.159.135.232,TLSv1.2,476,Application Data
192.168.1.69,66.22.238.147,UDP,1155,50568  >  50009 Len=1113
192.168.1.69,66.22.238.147,UDP,1155,50568  >  50009 Len=1113
192.168.1.69,66.22.238.147,UDP,1155,50568  >  50009 Len=1113
192.168.1.69,66.22.238.147,UDP,92,50568  >  50009 Len=50
192.168.1.69,66.22.238.147,UDP,1185,50568  >  50009 Len=1143
192.168.1.69,66.22.238.147,UDP,1185,50568  >  50009 Len=1143
192.168.1.69,66.22.238.147,UDP,1185,50568  >  50009 Len=1143
192.168.1.69,66.22.238.147,UDP,1185,50568  >  50009 Len=1143
192.168.1.69,66.22.238.147,UDP,1185,50568  >  50009 Len=1143
192.168.1.69,66.22.238.147,UDP,1186,50568  >  50009 Len=1144
192.168.1.69,66.22.238.147,UDP,1186,50568  >  50009 Len=1144
192.168.1.69,66.22.238.147,UDP,1186,50568  >  50009 Len=1144
192.168.1.69,162.159.135.232,TLSv1.2,476,Application Data
192.168.1.69,162.159.130.234,TCP,54,63850  >  443 [ACK] Seq=1 Ack=75 Win=513 Len=0
192.168.1.69,66.22.238.147,UDP,92,50568  >  50009 Len=50
192.168.1.69,66.22.238.147,UDP,1210,50568  >  50009 Len=1168
192.168.1.69,66.22.238.147,UDP,1210,50568  >  50009 Len=1168
192.168.1.69,66.22.238.147,UDP,1210,50568  >  50009 Len=1168
192.168.1.69,66.22.238.147,UDP,1211,50568  >  50009 Len=1169
192.168.1.69,66.22.238.147,UDP,1211,50568  >  50009 Len=1169
192.168.1.69,66.22.238.147,UDP,1211,50568  >  50009 Len=1169
192.168.1.69,66.22.238.147,UDP,1211,50568  >  50009 Len=1169
192.168.1.69,66.22.238.147,UDP,1211,50568  >  50009 Len=1169
192.168.1.69,66.22.238.147,UDP,92,50568  >  50009 Len=50
192.168.1.69,66.22.238.147,UDP,1181,50568  >  50009 Len=1139
192.168.1.69,66.22.238.147,UDP,1181,50568  >  50009 Len=1139
192.168.1.69,66.22.238.147,UDP,1181,50568  >  50009 Len=1139
192.168.1.69,66.22.238.147,UDP,1181,50568  >  50009 Len=1139
192.168.1.69,66.22.238.147,UDP,1181,50568  >  50009 Len=1139
192.168.1.69,66.22.238.147,UDP,1181,50568  >  50009 Len=1139
192.168.1.69,66.22.238.147,UDP,1181,50568  >  50009 Len=1139
192.168.1.69,66.22.238.147,UDP,1181,50568  >  50009 Len=1139
192.168.1.69,66.22.238.147,UDP,1181,50568  >  50009 Len=1139
192.168.1.69,162.159.135.232,TLSv1.2,476,Application Data
192.168.1.69,66.22.238.147,RTCP,102,Sender Report   
192.168.1.69,66.22.238.147,UDP,92,50568  >  50009 Len=50
192.168.1.69,66.22.238.147,UDP,1189,50568  >  50009 Len=1147
192.168.1.69,66.22.238.147,UDP,1189,50568  >  50009 Len=1147
192.168.1.69,66.22.238.147,UDP,1189,50568  >  50009 Len=1147
192.168.1.69,66.22.238.147,UDP,1189,50568  >  50009 Len=1147
192.168.1.69,66.22.238.147,UDP,1190,50568  >  50009 Len=1148
192.168.1.69,66.22.238.147,UDP,1190,50568  >  50009 Len=1148
192.168.1.69,66.22.238.147,UDP,1190,50568  >  50009 Len=1148
192.168.1.69,66.22.238.147,UDP,1190,50568  >  50009 Len=1148
192.168.1.69,66.22.238.147,UDP,1190,50568  >  50009 Len=1148
192.168.1.69,66.22.238.147,UDP,1190,50568  >  50009 Len=1148
192.168.1.69,66.22.238.147,UDP,1190,50568  >  50009 Len=1148
192.168.1.69,66.22.238.147,UDP,1190,50568  >  50009 Len=1148
192.168.1.69,162.159.135.232,TLSv1.2,476,Application Data
192.168.1.69,66.22.238.147,UDP,92,50568  >  50009 Len=50
192.168.1.69,66.22.238.147,UDP,1210,50568  >  50009 Len=1168
192.168.1.69,66.22.238.147,UDP,1210,50568  >  50009 Len=1168
192.168.1.69,66.22.238.147,UDP,1210,50568  >  50009 Len=1168
192.168.1.69,66.22.238.147,UDP,1210,50568  >  50009 Len=1168
192.168.1.69,66.22.238.147,UDP,1210,50568  >  50009 Len=1168
192.168.1.69,66.22.238.147,UDP,50,60953  >  50021 Len=8
192.168.1.69,66.22.238.147,UDP,1210,50568  >  50009 Len=1168
192.168.1.69,66.22.238.147,UDP,1210,50568  >  50009 Len=1168
192.168.1.69,66.22.238.147,UDP,1211,50568  >  50009 Len=1169
192.168.1.69,66.22.238.147,UDP,1211,50568  >  50009 Len=1169
192.168.1.69,66.22.238.147,UDP,92,50568  >  50009 Len=50
192.168.1.69,66.22.238.147,UDP,1221,50568  >  50009 Len=1179
192.168.1.69,66.22.238.147,UDP,1221,50568  >  50009 Len=1179
192.168.1.69,66.22.238.147,UDP,1221,50568  >  50009 Len=1179
192.168.1.69,66.22.238.147,UDP,1221,50568  >  50009 Len=1179
192.168.1.69,66.22.238.147,UDP,1221,50568  >  50009 Len=1179
192.168.1.69,66.22.238.147,UDP,1221,50568  >  50009 Len=1179
192.168.1.69,66.22.238.147,UDP,1221,50568  >  50009 Len=1179
192.168.1.69,66.22.238.147,UDP,1221,50568  >  50009 Len=1179
192.168.1.69,66.22.238.147,UDP,1222,50568  >  50009 Len=1180
192.168.1.69,162.159.135.232,TLSv1.2,476,Application Data
192.168.1.69,66.22.238.147,UDP,92,50568  >  50009 Len=50
192.168.1.69,66.22.238.147,UDP,1251,50568  >  50009 Len=1209
192.168.1.69,66.22.238.147,UDP,1251,50568  >  50009 Len=1209
192.168.1.69,66.22.238.147,UDP,1251,50568  >  50009 Len=1209
192.168.1.69,66.22.238.147,UDP,1251,50568  >  50009 Len=1209
192.168.1.69,66.22.238.147,UDP,1252,50568  >  50009 Len=1210
192.168.1.69,66.22.238.147,UDP,1252,50568  >  50009 Len=1210
192.168.1.69,66.22.238.147,UDP,1252,50568  >  50009 Len=1210
192.168.1.69,66.22.238.147,UDP,1252,50568  >  50009 Len=1210
192.168.1.69,66.22.238.147,UDP,1252,50568  >  50009 Len=1210
192.168.1.69,162.159.135.232,TLSv1.2,476,Application Data
192.168.1.69,66.22.238.147,UDP,92,50568  >  50009 Len=50
192.168.1.69,66.22.238.147,UDP,1170,50568  >  50009 Len=1128
192.168.1.69,66.22.238.147,UDP,1170,50568  >  50009 Len=1128
192.168.1.69,66.22.238.147,UDP,1170,50568  >  50009 Len=1128
192.168.1.69,66.22.238.147,UDP,1170,50568  >  50009 Len=1128
192.168.1.69,66.22.238.147,UDP,1171,50568  >  50009 Len=1129
192.168.1.69,66.22.238.147,UDP,1171,50568  >  50009 Len=1129
192.168.1.69,66.22.238.147,UDP,1171,50568  >  50009 Len=1129
192.168.1.69,66.22.238.147,UDP,1171,50568  >  50009 Len=1129
192.168.1.69,66.22.238.147,UDP,1171,50568  >  50009 Len=1129
192.168.1.69,66.22.238.147,UDP,1171,50568  >  50009 Len=1129
192.168.1.69,66.22.238.147,RTCP,102,Sender Report   
192.168.1.69,66.22.238.147,UDP,92,50568  >  50009 Len=50
192.168.1.69,66.22.238.147,UDP,1229,50568  >  50009 Len=1187
192.168.1.69,66.22.238.147,UDP,1229,50568  >  50009 Len=1187
192.168.1.69,66.22.238.147,UDP,1229,50568  >  50009 Len=1187
192.168.1.69,66.22.238.147,UDP,1230,50568  >  50009 Len=1188
192.168.1.69,66.22.238.147,UDP,1230,50568  >  50009 Len=1188
192.168.1.69,66.22.238.147,UDP,1230,50568  >  50009 Len=1188
192.168.1.69,66.22.238.147,UDP,1230,50568  >  50009 Len=1188
192.168.1.69,66.22.238.147,UDP,1230,50568  >  50009 Len=1188
192.168.1.69,66.22.238.147,UDP,1230,50568  >  50009 Len=1188
192.168.1.69,162.159.135.232,TLSv1.2,476,Application Data
192.168.1.69,66.22.238.147,UDP,1230,50568  >  50009 Len=1188
192.168.1.69,66.22.238.147,UDP,92,50568  >  50009 Len=50
192.168.1.69,66.22.238.147,UDP,1168,50568  >  50009 Len=1126
192.168.1.69,66.22.238.147,UDP,1168,50568  >  50009 Len=1126
192.168.1.69,66.22.238.147,UDP,1168,50568  >  50009 Len=1126
192.168.1.69,66.22.238.147,UDP,1168,50568  >  50009 Len=1126
192.168.1.69,66.22.238.147,UDP,1168,50568  >  50009 Len=1126
192.168.1.69,66.22.238.147,UDP,1169,50568  >  50009 Len=1127
192.168.1.69,66.22.238.147,UDP,1169,50568  >  50009 Len=1127
192.168.1.69,66.22.238.147,UDP,1169,50568  >  50009 Len=1127
192.168.1.69,66.22.238.147,UDP,1169,50568  >  50009 Len=1127
192.168.1.69,66.22.238.147,UDP,1169,50568  >  50009 Len=1127
192.168.1.69,66.22.238.147,UDP,1169,50568  >  50009 Len=1127
192.168.1.69,162.159.135.232,TLSv1.2,476,Application Data
192.168.1.69,66.22.238.147,UDP,92,50568  >  50009 Len=50
192.168.1.69,66.22.238.147,UDP,1220,50568  >  50009 Len=1178
192.168.1.69,66.22.238.147,UDP,1221,50568  >  50009 Len=1179
192.168.1.69,66.22.238.147,UDP,1221,50568  >  50009 Len=1179
192.168.1.69,66.22.238.147,UDP,1221,50568  >  50009 Len=1179
192.168.1.69,66.22.238.147,UDP,1221,50568  >  50009 Len=1179
192.168.1.69,66.22.238.147,UDP,1221,50568  >  50009 Len=1179
192.168.1.69,66.22.238.147,UDP,1221,50568  >  50009 Len=1179
192.168.1.69,66.22.238.147,UDP,1221,50568  >  50009 Len=1179
192.168.1.69,66.22.238.147,UDP,1221,50568  >  50009 Len=1179
192.168.1.69,66.22.238.147,UDP,1221,50568  >  50009 Len=1179
192.168.1.69,66.22.238.147,UDP,1221,50568  >  50009 Len=1179
192.168.1.69,66.22.238.147,UDP,92,50568  >  50009 Len=50
192.168.1.69,66.22.238.147,UDP,1173,50568  >  50009 Len=1131
192.168.1.69,66.22.238.147,UDP,1173,50568  >  50009 Len=1131
192.168.1.69,66.22.238.147,UDP,1173,50568  >  50009 Len=1131
192.168.1.69,66.22.238.147,UDP,1173,50568  >  50009 Len=1131
192.168.1.69,66.22.238.147,UDP,1173,50568  >  50009 Len=1131
192.168.1.69,66.22.238.147,UDP,1173,50568  >  50009 Len=1131
192.168.1.69,66.22.238.147,UDP,1173,50568  >  50009 Len=1131
192.168.1.69,66.22.238.147,UDP,1173,50568  >  50009 Len=1131
192.168.1.69,66.22.238.147,UDP,1173,50568  >  50009 Len=1131
192.168.1.69,66.22.238.147,UDP,1173,50568  >  50009 Len=1131
192.168.1.69,162.159.135.232,TLSv1.2,476,Application Data
192.168.1.69,66.22.238.147,UDP,1173,50568  >  50009 Len=1131
192.168.1.69,66.22.238.147,UDP,1174,50568  >  50009 Len=1132
192.168.1.69,66.22.238.147,UDP,92,50568  >  50009 Len=50
192.168.1.69,66.22.238.147,UDP,1255,50568  >  50009 Len=1213
192.168.1.69,66.22.238.147,UDP,1255,50568  >  50009 Len=1213
192.168.1.69,66.22.238.147,UDP,1255,50568  >  50009 Len=1213
192.168.1.69,66.22.238.147,UDP,1255,50568  >  50009 Len=1213
192.168.1.69,66.22.238.147,UDP,1256,50568  >  50009 Len=1214
192.168.1.69,66.22.238.147,UDP,1256,50568  >  50009 Len=1214
192.168.1.69,66.22.238.147,UDP,1256,50568  >  50009 Len=1214
192.168.1.69,66.22.238.147,UDP,1256,50568  >  50009 Len=1214
192.168.1.69,66.22.238.147,UDP,1256,50568  >  50009 Len=1214
192.168.1.69,66.22.238.147,UDP,1256,50568  >  50009 Len=1214
192.168.1.69,66.22.238.147,UDP,1256,50568  >  50009 Len=1214
192.168.1.69,66.22.238.147,RTCP,102,Sender Report   
192.168.1.69,162.159.135.232,TLSv1.2,476,Application Data
192.168.1.69,66.22.238.147,UDP,92,50568  >  50009 Len=50
192.168.1.69,66.22.238.147,UDP,1253,50568  >  50009 Len=1211
192.168.1.69,66.22.238.147,UDP,1253,50568  >  50009 Len=1211
192.168.1.69,66.22.238.147,UDP,1254,50568  >  50009 Len=1212
192.168.1.69,66.22.238.147,UDP,1254,50568  >  50009 Len=1212
192.168.1.69,66.22.238.147,UDP,1254,50568  >  50009 Len=1212
192.168.1.69,66.22.238.147,UDP,1254,50568  >  50009 Len=1212
192.168.1.69,66.22.238.147,UDP,1254,50568  >  50009 Len=1212
192.168.1.69,66.22.238.147,UDP,1254,50568  >  50009 Len=1212
192.168.1.69,66.22.238.147,UDP,1254,50568  >  50009 Len=1212
192.168.1.69,66.22.238.147,UDP,1254,50568  >  50009 Len=1212
192.168.1.69,66.22.238.147,UDP,1254,50568  >  50009 Len=1212
192.168.1.69,66.22.238.147,UDP,92,50568  >  50009 Len=50
192.168.1.69,66.22.238.147,UDP,1056,50568  >  50009 Len=1014
192.168.1.69,66.22.238.147,UDP,1056,50568  >  50009 Len=1014
192.168.1.69,66.22.238.147,UDP,1057,50568  >  50009 Len=1015
192.168.1.69,162.159.135.232,TLSv1.2,476,Application Data
192.168.1.69,66.22.238.147,UDP,92,50568  >  50009 Len=50
192.168.1.69,66.22.238.147,UDP,796,50568  >  50009 Len=754
192.168.1.69,66.22.238.147,UDP,796,50568  >  50009 Len=754
192.168.1.69,66.22.238.147,RTCP,102,Sender Report   
192.168.1.69,162.159.135.232,TLSv1.2,476,Application Data
192.168.1.69,66.22.238.147,UDP,92,50568  >  50009 Len=50
192.168.1.69,66.22.238.147,UDP,997,50568  >  50009 Len=955
192.168.1.69,66.22.238.147,UDP,998,50568  >  50009 Len=956
192.168.1.69,66.22.238.147,UDP,998,50568  >  50009 Len=956
192.168.1.69,142.251.209.14,UDP,682,63972  >  443 Len=640
192.168.1.69,66.22.238.147,UDP,92,50568  >  50009 Len=50
192.168.1.69,66.22.238.147,UDP,1093,50568  >  50009 Len=1051
192.168.1.69,66.22.238.147,UDP,1093,50568  >  50009 Len=1051
192.168.1.69,66.22.238.147,UDP,1093,50568  >  50009 Len=1051
192.168.1.69,66.22.238.147,UDP,1094,50568  >  50009 Len=1052
192.168.1.69,142.251.209.14,UDP,76,63972  >  443 Len=34
192.168.1.69,162.159.135.232,TLSv1.2,476,Application Data
192.168.1.69,66.22.238.147,UDP,92,50568  >  50009 Len=50
192.168.1.69,66.22.238.147,UDP,1094,50568  >  50009 Len=1052
192.168.1.69,66.22.238.147,UDP,1095,50568  >  50009 Len=1053
192.168.1.69,66.22.238.147,UDP,1095,50568  >  50009 Len=1053
192.168.1.69,66.22.238.147,UDP,1095,50568  >  50009 Len=1053
192.168.1.69,66.22.238.147,UDP,1095,50568  >  50009 Len=1053
192.168.1.69,66.22.238.147,RTCP,102,Sender Report   
192.168.1.69,162.159.135.232,TLSv1.2,476,Application Data
192.168.1.69,66.22.238.147,UDP,92,50568  >  50009 Len=50
192.168.1.69,66.22.238.147,UDP,1072,50568  >  50009 Len=1030
192.168.1.69,66.22.238.147,UDP,1072,50568  >  50009 Len=1030
192.168.1.69,66.22.238.147,UDP,1072,50568  >  50009 Len=1030
192.168.1.69,66.22.238.147,UDP,1072,50568  >  50009 Len=1030
192.168.1.69,66.22.238.147,UDP,1073,50568  >  50009 Len=1031
192.168.1.69,66.22.238.147,UDP,1073,50568  >  50009 Len=1031
192.168.1.69,66.22.238.147,UDP,92,50568  >  50009 Len=50
192.168.1.69,66.22.238.147,UDP,1130,50568  >  50009 Len=1088
192.168.1.69,66.22.238.147,UDP,1130,50568  >  50009 Len=1088
192.168.1.69,66.22.238.147,UDP,1130,50568  >  50009 Len=1088
192.168.1.69,66.22.238.147,UDP,1131,50568  >  50009 Len=1089
192.168.1.69,66.22.238.147,UDP,1131,50568  >  50009 Len=1089
192.168.1.69,66.22.238.147,UDP,1131,50568  >  50009 Len=1089
192.168.1.69,66.22.238.147,UDP,50,50568  >  50009 Len=8
192.168.1.69,162.159.135.232,TLSv1.2,476,Application Data
192.168.1.69,66.22.238.147,UDP,92,50568  >  50009 Len=50
192.168.1.69,66.22.238.147,UDP,1212,50568  >  50009 Len=1170
192.168.1.69,66.22.238.147,UDP,1212,50568  >  50009 Len=1170
192.168.1.69,66.22.238.147,UDP,1213,50568  >  50009 Len=1171
192.168.1.69,66.22.238.147,UDP,1213,50568  >  50009 Len=1171
192.168.1.69,66.22.238.147,UDP,1213,50568  >  50009 Len=1171
192.168.1.69,66.22.238.147,UDP,1213,50568  >  50009 Len=1171
192.168.1.69,142.251.209.14,UDP,82,63972  >  443 Len=40
192.168.1.69,162.159.135.232,TLSv1.2,476,Application Data
192.168.1.69,66.22.238.147,UDP,92,50568  >  50009 Len=50
192.168.1.69,66.22.238.147,UDP,1166,50568  >  50009 Len=1124
192.168.1.69,66.22.238.147,UDP,1167,50568  >  50009 Len=1125
192.168.1.69,66.22.238.147,UDP,1167,50568  >  50009 Len=1125
192.168.1.69,66.22.238.147,UDP,1167,50568  >  50009 Len=1125
192.168.1.69,66.22.238.147,UDP,1167,50568  >  50009 Len=1125
192.168.1.69,66.22.238.147,UDP,1167,50568  >  50009 Len=1125
192.168.1.69,66.22.238.147,UDP,1167,50568  >  50009 Len=1125
192.168.1.69,142.251.209.14,UDP,76,63972  >  443 Len=34
192.168.1.69,66.22.238.147,RTCP,102,Sender Report   
192.168.1.69,66.22.238.147,UDP,92,50568  >  50009 Len=50
192.168.1.69,66.22.238.147,UDP,1174,50568  >  50009 Len=1132
192.168.1.69,66.22.238.147,UDP,1174,50568  >  50009 Len=1132
192.168.1.69,66.22.238.147,UDP,1174,50568  >  50009 Len=1132
192.168.1.69,66.22.238.147,UDP,1174,50568  >  50009 Len=1132
192.168.1.69,66.22.238.147,UDP,1174,50568  >  50009 Len=1132
192.168.1.69,66.22.238.147,UDP,1175,50568  >  50009 Len=1133
192.168.1.69,66.22.238.147,UDP,1175,50568  >  50009 Len=1133
192.168.1.69,162.159.135.232,TLSv1.2,476,Application Data
192.168.1.69,66.22.238.147,UDP,92,50568  >  50009 Len=50
192.168.1.69,66.22.238.147,UDP,1104,50568  >  50009 Len=1062
192.168.1.69,66.22.238.147,UDP,1104,50568  >  50009 Len=1062
192.168.1.69,66.22.238.147,UDP,1104,50568  >  50009 Len=1062
192.168.1.69,66.22.238.147,UDP,1104,50568  >  50009 Len=1062
192.168.1.69,66.22.238.147,UDP,1104,50568  >  50009 Len=1062
192.168.1.69,66.22.238.147,UDP,1104,50568  >  50009 Len=1062
192.168.1.69,66.22.238.147,UDP,1104,50568  >  50009 Len=1062
192.168.1.69,66.22.238.147,UDP,92,50568  >  50009 Len=50
192.168.1.69,66.22.238.147,UDP,1248,50568  >  50009 Len=1206
192.168.1.69,66.22.238.147,UDP,1249,50568  >  50009 Len=1207
192.168.1.69,66.22.238.147,UDP,1249,50568  >  50009 Len=1207
192.168.1.69,66.22.238.147,UDP,1249,50568  >  50009 Len=1207
192.168.1.69,66.22.238.147,UDP,1249,50568  >  50009 Len=1207
192.168.1.69,162.159.135.232,TLSv1.2,476,Application Data
192.168.1.69,66.22.238.147,UDP,1249,50568  >  50009 Len=1207
192.168.1.69,66.22.238.147,UDP,1249,50568  >  50009 Len=1207
192.168.1.69,66.22.238.147,RTCP,118,Sender Report   
192.168.1.69,66.22.238.147,UDP,92,50568  >  50009 Len=50
192.168.1.69,66.22.238.147,UDP,1135,50568  >  50009 Len=1093
192.168.1.69,66.22.238.147,UDP,1135,50568  >  50009 Len=1093
192.168.1.69,66.22.238.147,UDP,1135,50568  >  50009 Len=1093
192.168.1.69,66.22.238.147,UDP,1135,50568  >  50009 Len=1093
192.168.1.69,66.22.238.147,UDP,1135,50568  >  50009 Len=1093
192.168.1.69,66.22.238.147,UDP,1135,50568  >  50009 Len=1093
192.168.1.69,66.22.238.147,UDP,1135,50568  >  50009 Len=1093
192.168.1.69,66.22.238.147,UDP,1135,50568  >  50009 Len=1093
192.168.1.69,66.22.238.147,UDP,1136,50568  >  50009 Len=1094
192.168.1.69,162.159.135.232,TLSv1.2,476,Application Data
192.168.1.69,66.22.238.147,UDP,92,50568  >  50009 Len=50
192.168.1.69,66.22.238.147,UDP,1242,50568  >  50009 Len=1200
192.168.1.69,66.22.238.147,UDP,1242,50568  >  50009 Len=1200
192.168.1.69,66.22.238.147,UDP,1243,50568  >  50009 Len=1201
192.168.1.69,66.22.238.147,UDP,1243,50568  >  50009 Len=1201
192.168.1.69,66.22.238.147,UDP,1243,50568  >  50009 Len=1201
192.168.1.69,66.22.238.147,UDP,1243,50568  >  50009 Len=1201
192.168.1.69,66.22.238.147,UDP,1243,50568  >  50009 Len=1201
192.168.1.69,66.22.238.147,UDP,1243,50568  >  50009 Len=1201
192.168.1.69,66.22.238.147,UDP,1243,50568  >  50009 Len=1201
192.168.1.69,66.22.238.147,UDP,1243,50568  >  50009 Len=1201
192.168.1.69,66.22.238.147,UDP,92,50568  >  50009 Len=50
192.168.1.69,66.22.238.147,UDP,1179,50568  >  50009 Len=1137
192.168.1.69,66.22.238.147,UDP,1179,50568  >  50009 Len=1137
192.168.1.69,66.22.238.147,UDP,1179,50568  >  50009 Len=1137
192.168.1.69,66.22.238.147,UDP,1179,50568  >  50009 Len=1137
192.168.1.69,66.22.238.147,UDP,1179,50568  >  50009 Len=1137
192.168.1.69,162.159.135.232,TLSv1.2,476,Application Data
192.168.1.69,66.22.238.147,UDP,1179,50568  >  50009 Len=1137
192.168.1.69,66.22.238.147,UDP,1179,50568  >  50009 Len=1137
192.168.1.69,66.22.238.147,UDP,1179,50568  >  50009 Len=1137
192.168.1.69,66.22.238.147,UDP,1179,50568  >  50009 Len=1137
192.168.1.69,66.22.238.147,UDP,1180,50568  >  50009 Len=1138
192.168.1.69,66.22.238.147,UDP,1180,50568  >  50009 Len=1138
192.168.1.69,66.22.238.147,UDP,1180,50568  >  50009 Len=1138
192.168.1.69,66.22.238.147,UDP,1180,50568  >  50009 Len=1138
192.168.1.69,66.22.238.147,UDP,92,50568  >  50009 Len=50
192.168.1.69,66.22.238.147,UDP,1181,50568  >  50009 Len=1139
192.168.1.69,66.22.238.147,UDP,1181,50568  >  50009 Len=1139
192.168.1.69,66.22.238.147,UDP,1181,50568  >  50009 Len=1139
192.168.1.69,66.22.238.147,UDP,1181,50568  >  50009 Len=1139
192.168.1.69,66.22.238.147,UDP,1181,50568  >  50009 Len=1139
192.168.1.69,66.22.238.147,UDP,1181,50568  >  50009 Len=1139
192.168.1.69,66.22.238.147,UDP,1181,50568  >  50009 Len=1139
192.168.1.69,66.22.238.147,UDP,1181,50568  >  50009 Len=1139
192.168.1.69,66.22.238.147,UDP,1182,50568  >  50009 Len=1140
192.168.1.69,66.22.238.147,UDP,1182,50568  >  50009 Len=1140
192.168.1.69,162.159.130.234,TCP,54,63850  >  443 [ACK] Seq=1 Ack=216 Win=513 Len=0
192.168.1.69,66.22.238.147,UDP,1182,50568  >  50009 Len=1140
192.168.1.69,66.22.238.147,UDP,1182,50568  >  50009 Len=1140
192.168.1.69,66.22.238.147,UDP,1182,50568  >  50009 Len=1140
192.168.1.69,66.22.238.147,UDP,1182,50568  >  50009 Len=1140
192.168.1.69,162.159.135.232,TLSv1.2,476,Application Data
192.168.1.69,66.22.238.147,UDP,92,50568  >  50009 Len=50
192.168.1.69,66.22.238.147,UDP,1199,50568  >  50009 Len=1157
192.168.1.69,66.22.238.147,UDP,1200,50568  >  50009 Len=1158
192.168.1.69,66.22.238.147,UDP,1200,50568  >  50009 Len=1158
192.168.1.69,66.22.238.147,UDP,1200,50568  >  50009 Len=1158
192.168.1.69,66.22.238.147,UDP,1200,50568  >  50009 Len=1158
192.168.1.69,66.22.238.147,UDP,1200,50568  >  50009 Len=1158
192.168.1.69,66.22.238.147,UDP,1200,50568  >  50009 Len=1158
192.168.1.69,66.22.238.147,UDP,1200,50568  >  50009 Len=1158
192.168.1.69,66.22.238.147,UDP,1200,50568  >  50009 Len=1158
192.168.1.69,66.22.238.147,UDP,1200,50568  >  50009 Len=1158
192.168.1.69,66.22.238.147,UDP,1200,50568  >  50009 Len=1158
192.168.1.69,66.22.238.147,UDP,92,50568  >  50009 Len=50
192.168.1.69,66.22.238.147,UDP,1169,50568  >  50009 Len=1127
192.168.1.69,66.22.238.147,UDP,1169,50568  >  50009 Len=1127
192.168.1.69,66.22.238.147,UDP,1170,50568  >  50009 Len=1128
192.168.1.69,66.22.238.147,UDP,1170,50568  >  50009 Len=1128
192.168.1.69,66.22.238.147,UDP,1170,50568  >  50009 Len=1128
192.168.1.69,66.22.238.147,UDP,1170,50568  >  50009 Len=1128
192.168.1.69,66.22.238.147,UDP,1170,50568  >  50009 Len=1128
192.168.1.69,66.22.238.147,UDP,1170,50568  >  50009 Len=1128
192.168.1.69,66.22.238.147,UDP,1170,50568  >  50009 Len=1128
192.168.1.69,162.159.135.232,TLSv1.2,476,Application Data
192.168.1.69,66.22.238.147,UDP,1170,50568  >  50009 Len=1128
192.168.1.69,66.22.238.147,UDP,1170,50568  >  50009 Len=1128
192.168.1.69,66.22.238.147,UDP,1170,50568  >  50009 Len=1128
192.168.1.69,66.22.238.147,UDP,92,50568  >  50009 Len=50
192.168.1.69,66.22.238.147,UDP,1249,50568  >  50009 Len=1207
192.168.1.69,66.22.238.147,UDP,1249,50568  >  50009 Len=1207
192.168.1.69,66.22.238.147,UDP,1249,50568  >  50009 Len=1207
192.168.1.69,66.22.238.147,UDP,1249,50568  >  50009 Len=1207
192.168.1.69,66.22.238.147,UDP,1249,50568  >  50009 Len=1207
192.168.1.69,66.22.238.147,UDP,1249,50568  >  50009 Len=1207
192.168.1.69,66.22.238.147,UDP,1249,50568  >  50009 Len=1207
192.168.1.69,66.22.238.147,UDP,1249,50568  >  50009 Len=1207
192.168.1.69,66.22.238.147,UDP,1249,50568  >  50009 Len=1207
192.168.1.69,66.22.238.147,UDP,1249,50568  >  50009 Len=1207
192.168.1.69,66.22.238.147,UDP,1249,50568  >  50009 Len=1207
192.168.1.69,66.22.238.147,UDP,1250,50568  >  50009 Len=1208
192.168.1.69,66.22.238.147,UDP,1250,50568  >  50009 Len=1208
192.168.1.69,162.159.135.232,TLSv1.2,476,Application Data
192.168.1.69,66.22.238.147,RTCP,102,Sender Report   
192.168.1.69,52.184.213.187,TCP,54,59958  >  443 [FIN, ACK] Seq=1 Ack=1 Win=514 Len=0
192.168.1.69,66.22.238.147,UDP,92,50568  >  50009 Len=50
192.168.1.69,66.22.238.147,UDP,1198,50568  >  50009 Len=1156
192.168.1.69,66.22.238.147,UDP,1198,50568  >  50009 Len=1156
192.168.1.69,66.22.238.147,UDP,1198,50568  >  50009 Len=1156
192.168.1.69,66.22.238.147,UDP,1198,50568  >  50009 Len=1156
192.168.1.69,66.22.238.147,UDP,1198,50568  >  50009 Len=1156
192.168.1.69,66.22.238.147,UDP,1199,50568  >  50009 Len=1157
192.168.1.69,66.22.238.147,UDP,1199,50568  >  50009 Len=1157
192.168.1.69,66.22.238.147,UDP,1199,50568  >  50009 Len=1157
192.168.1.69,66.22.238.147,UDP,1199,50568  >  50009 Len=1157
192.168.1.69,66.22.238.147,UDP,1199,50568  >  50009 Len=1157
192.168.1.69,66.22.238.147,UDP,1199,50568  >  50009 Len=1157
192.168.1.69,66.22.238.147,UDP,1199,50568  >  50009 Len=1157
192.168.1.69,66.22.238.147,UDP,1199,50568  >  50009 Len=1157
192.168.1.69,66.22.238.147,UDP,1199,50568  >  50009 Len=1157
192.168.1.69,162.159.135.232,TLSv1.2,476,Application Data
192.168.1.69,66.22.238.147,UDP,92,50568  >  50009 Len=50
192.168.1.69,66.22.238.147,UDP,1178,50568  >  50009 Len=1136
192.168.1.69,66.22.238.147,UDP,1178,50568  >  50009 Len=1136
192.168.1.69,66.22.238.147,UDP,1178,50568  >  50009 Len=1136
192.168.1.69,66.22.238.147,UDP,1179,50568  >  50009 Len=1137
192.168.1.69,66.22.238.147,UDP,1179,50568  >  50009 Len=1137
192.168.1.69,66.22.238.147,UDP,1179,50568  >  50009 Len=1137
192.168.1.69,66.22.238.147,UDP,1179,50568  >  50009 Len=1137
192.168.1.69,66.22.238.147,UDP,1179,50568  >  50009 Len=1137
192.168.1.69,66.22.238.147,UDP,1179,50568  >  50009 Len=1137
192.168.1.69,66.22.238.147,UDP,1179,50568  >  50009 Len=1137
192.168.1.69,66.22.238.147,UDP,1179,50568  >  50009 Len=1137
192.168.1.69,66.22.238.147,UDP,1179,50568  >  50009 Len=1137
192.168.1.69,66.22.238.147,UDP,92,50568  >  50009 Len=50
192.168.1.69,66.22.238.147,UDP,1127,50568  >  50009 Len=1085
192.168.1.69,66.22.238.147,UDP,1127,50568  >  50009 Len=1085
192.168.1.69,66.22.238.147,UDP,1127,50568  >  50009 Len=1085
192.168.1.69,66.22.238.147,UDP,1127,50568  >  50009 Len=1085
192.168.1.69,66.22.238.147,UDP,1128,50568  >  50009 Len=1086
192.168.1.69,162.159.135.232,TLSv1.2,476,Application Data
192.168.1.69,66.22.238.147,UDP,92,50568  >  50009 Len=50
192.168.1.69,66.22.238.147,UDP,1114,50568  >  50009 Len=1072
192.168.1.69,66.22.238.147,UDP,1114,50568  >  50009 Len=1072
192.168.1.69,66.22.238.147,UDP,1114,50568  >  50009 Len=1072
192.168.1.69,66.22.238.147,UDP,1114,50568  >  50009 Len=1072
192.168.1.69,66.22.238.147,UDP,1114,50568  >  50009 Len=1072
192.168.1.69,66.22.238.147,UDP,1114,50568  >  50009 Len=1072
192.168.1.69,66.22.238.147,UDP,1114,50568  >  50009 Len=1072
192.168.1.69,52.184.213.187,TCP,54,59958  >  443 [ACK] Seq=2 Ack=2 Win=514 Len=0
192.168.1.69,66.22.238.147,UDP,92,50568  >  50009 Len=50
192.168.1.69,66.22.238.147,UDP,1250,50568  >  50009 Len=1208
192.168.1.69,66.22.238.147,UDP,1250,50568  >  50009 Len=1208
192.168.1.69,66.22.238.147,UDP,1251,50568  >  50009 Len=1209
192.168.1.69,66.22.238.147,UDP,1251,50568  >  50009 Len=1209
192.168.1.69,66.22.238.147,UDP,1251,50568  >  50009 Len=1209
192.168.1.69,66.22.238.147,UDP,1251,50568  >  50009 Len=1209
192.168.1.69,66.22.238.147,UDP,1251,50568  >  50009 Len=1209
192.168.1.69,66.22.238.147,UDP,1251,50568  >  50009 Len=1209
192.168.1.69,162.159.135.232,TLSv1.2,476,Application Data
192.168.1.69,66.22.238.147,UDP,92,50568  >  50009 Len=50
192.168.1.69,66.22.238.147,UDP,1252,50568  >  50009 Len=1210
192.168.1.69,66.22.238.147,UDP,1252,50568  >  50009 Len=1210
192.168.1.69,66.22.238.147,UDP,1252,50568  >  50009 Len=1210
192.168.1.69,66.22.238.147,UDP,1252,50568  >  50009 Len=1210
192.168.1.69,66.22.238.147,UDP,1252,50568  >  50009 Len=1210
192.168.1.69,66.22.238.147,UDP,1252,50568  >  50009 Len=1210
192.168.1.69,66.22.238.147,UDP,1252,50568  >  50009 Len=1210
192.168.1.69,66.22.238.147,UDP,1253,50568  >  50009 Len=1211
192.168.1.69,66.22.238.147,UDP,1253,50568  >  50009 Len=1211
192.168.1.69,66.22.238.147,UDP,1253,50568  >  50009 Len=1211
192.168.1.69,66.22.238.147,UDP,1253,50568  >  50009 Len=1211
192.168.1.69,66.22.238.147,UDP,1253,50568  >  50009 Len=1211
192.168.1.69,66.22.238.147,UDP,1253,50568  >  50009 Len=1211
192.168.1.69,66.22.238.147,UDP,1253,50568  >  50009 Len=1211
192.168.1.69,162.159.135.232,TLSv1.2,476,Application Data
192.168.1.69,66.22.238.147,UDP,92,50568  >  50009 Len=50
192.168.1.69,66.22.238.147,UDP,1219,50568  >  50009 Len=1177
192.168.1.69,66.22.238.147,UDP,1219,50568  >  50009 Len=1177
192.168.1.69,66.22.238.147,UDP,1220,50568  >  50009 Len=1178
192.168.1.69,66.22.238.147,UDP,1220,50568  >  50009 Len=1178
192.168.1.69,66.22.238.147,UDP,1220,50568  >  50009 Len=1178
192.168.1.69,66.22.238.147,UDP,1220,50568  >  50009 Len=1178
192.168.1.69,66.22.238.147,UDP,1220,50568  >  50009 Len=1178
192.168.1.69,66.22.238.147,UDP,1220,50568  >  50009 Len=1178
192.168.1.69,66.22.238.147,UDP,1220,50568  >  50009 Len=1178
192.168.1.69,66.22.238.147,UDP,1220,50568  >  50009 Len=1178
192.168.1.69,66.22.238.147,RTCP,118,Sender Report   
192.168.1.69,66.22.238.147,UDP,92,50568  >  50009 Len=50
192.168.1.69,66.22.238.147,UDP,1243,50568  >  50009 Len=1201
192.168.1.69,66.22.238.147,UDP,1244,50568  >  50009 Len=1202
192.168.1.69,66.22.238.147,UDP,1244,50568  >  50009 Len=1202
192.168.1.69,66.22.238.147,UDP,1244,50568  >  50009 Len=1202
192.168.1.69,66.22.238.147,UDP,1244,50568  >  50009 Len=1202
192.168.1.69,66.22.238.147,UDP,1244,50568  >  50009 Len=1202
192.168.1.69,66.22.238.147,UDP,1244,50568  >  50009 Len=1202
192.168.1.69,66.22.238.147,UDP,1244,50568  >  50009 Len=1202
192.168.1.69,66.22.238.147,UDP,1244,50568  >  50009 Len=1202
192.168.1.69,162.159.135.232,TLSv1.2,476,Application Data
192.168.1.69,66.22.238.147,UDP,314,50568  >  50009 Len=272
192.168.1.69,66.22.238.147,UDP,92,50568  >  50009 Len=50
192.168.1.69,66.22.238.147,UDP,1148,50568  >  50009 Len=1106
192.168.1.69,66.22.238.147,UDP,1148,50568  >  50009 Len=1106
192.168.1.69,66.22.238.147,UDP,1148,50568  >  50009 Len=1106
192.168.1.69,66.22.238.147,UDP,1148,50568  >  50009 Len=1106
192.168.1.69,66.22.238.147,UDP,1149,50568  >  50009 Len=1107
192.168.1.69,66.22.238.147,UDP,1149,50568  >  50009 Len=1107
192.168.1.69,66.22.238.147,UDP,1149,50568  >  50009 Len=1107
192.168.1.69,66.22.238.147,UDP,1149,50568  >  50009 Len=1107
192.168.1.69,66.22.238.147,UDP,1149,50568  >  50009 Len=1107
192.168.1.69,66.22.238.147,UDP,1149,50568  >  50009 Len=1107
192.168.1.69,66.22.238.147,UDP,1151,50568  >  50009 Len=1109
192.168.1.69,66.22.238.147,UDP,1151,50568  >  50009 Len=1109
192.168.1.69,66.22.238.147,UDP,1151,50568  >  50009 Len=1109
192.168.1.69,66.22.238.147,UDP,1151,50568  >  50009 Len=1109
192.168.1.69,66.22.238.147,UDP,1151,50568  >  50009 Len=1109
192.168.1.69,66.22.238.147,UDP,1151,50568  >  50009 Len=1109
192.168.1.69,66.22.238.147,UDP,1150,50568  >  50009 Len=1108
192.168.1.69,66.22.238.147,UDP,1150,50568  >  50009 Len=1108
192.168.1.69,66.22.238.147,RTCP,102,Sender Report   
192.168.1.69,162.159.135.232,TLSv1.2,476,Application Data
192.168.1.69,66.22.238.147,UDP,92,50568  >  50009 Len=50
192.168.1.69,66.22.238.147,UDP,1256,50568  >  50009 Len=1214
192.168.1.69,66.22.238.147,UDP,1256,50568  >  50009 Len=1214
192.168.1.69,66.22.238.147,UDP,1256,50568  >  50009 Len=1214
192.168.1.69,66.22.238.147,UDP,1256,50568  >  50009 Len=1214
192.168.1.69,66.22.238.147,UDP,1256,50568  >  50009 Len=1214
192.168.1.69,66.22.238.147,UDP,1256,50568  >  50009 Len=1214
192.168.1.69,66.22.238.147,UDP,1256,50568  >  50009 Len=1214
192.168.1.69,66.22.238.147,UDP,1256,50568  >  50009 Len=1214
192.168.1.69,66.22.238.147,UDP,1256,50568  >  50009 Len=1214
192.168.1.69,66.22.238.147,UDP,1256,50568  >  50009 Len=1214
192.168.1.69,66.22.238.147,UDP,1256,50568  >  50009 Len=1214
192.168.1.69,66.22.238.147,UDP,92,50568  >  50009 Len=50
192.168.1.69,66.22.238.147,UDP,1235,50568  >  50009 Len=1193
192.168.1.69,66.22.238.147,UDP,1236,50568  >  50009 Len=1194
192.168.1.69,66.22.238.147,UDP,1236,50568  >  50009 Len=1194
192.168.1.69,66.22.238.147,UDP,1236,50568  >  50009 Len=1194
192.168.1.69,66.22.238.147,UDP,1236,50568  >  50009 Len=1194
192.168.1.69,66.22.238.147,UDP,1236,50568  >  50009 Len=1194
192.168.1.69,66.22.238.147,UDP,1236,50568  >  50009 Len=1194
192.168.1.69,66.22.238.147,UDP,1236,50568  >  50009 Len=1194
192.168.1.69,66.22.238.147,UDP,1236,50568  >  50009 Len=1194
192.168.1.69,66.22.238.147,UDP,1236,50568  >  50009 Len=1194
192.168.1.69,66.22.238.147,UDP,1236,50568  >  50009 Len=1194
192.168.1.69,66.22.238.147,UDP,1236,50568  >  50009 Len=1194
192.168.1.69,66.22.238.147,UDP,1236,50568  >  50009 Len=1194
192.168.1.69,162.159.135.232,TLSv1.2,476,Application Data
192.168.1.69,66.22.238.147,UDP,92,50568  >  50009 Len=50
192.168.1.69,66.22.238.147,UDP,1170,50568  >  50009 Len=1128
192.168.1.69,66.22.238.147,UDP,1170,50568  >  50009 Len=1128
192.168.1.69,66.22.238.147,UDP,1170,50568  >  50009 Len=1128
192.168.1.69,66.22.238.147,UDP,1170,50568  >  50009 Len=1128
192.168.1.69,66.22.238.147,UDP,1170,50568  >  50009 Len=1128
192.168.1.69,66.22.238.147,UDP,1170,50568  >  50009 Len=1128
192.168.1.69,66.22.238.147,UDP,1170,50568  >  50009 Len=1128
192.168.1.69,66.22.238.147,UDP,1170,50568  >  50009 Len=1128
192.168.1.69,66.22.238.147,UDP,1170,50568  >  50009 Len=1128
192.168.1.69,66.22.238.147,UDP,1170,50568  >  50009 Len=1128
192.168.1.69,66.22.238.147,UDP,1171,50568  >  50009 Len=1129
192.168.1.69,66.22.238.147,UDP,1171,50568  >  50009 Len=1129
192.168.1.69,66.22.238.147,RTCP,102,Sender Report   
192.168.1.69,162.159.135.232,TLSv1.2,355,Application Data
192.168.1.69,66.22.238.147,UDP,92,50568  >  50009 Len=50
192.168.1.69,66.22.238.147,UDP,1211,50568  >  50009 Len=1169
192.168.1.69,66.22.238.147,UDP,1211,50568  >  50009 Len=1169
192.168.1.69,66.22.238.147,UDP,1211,50568  >  50009 Len=1169
192.168.1.69,66.22.238.147,UDP,1211,50568  >  50009 Len=1169
192.168.1.69,66.22.238.147,UDP,1211,50568  >  50009 Len=1169
192.168.1.69,66.22.238.147,UDP,1211,50568  >  50009 Len=1169
192.168.1.69,66.22.238.147,UDP,1211,50568  >  50009 Len=1169
192.168.1.69,66.22.238.147,UDP,1211,50568  >  50009 Len=1169
192.168.1.69,66.22.238.147,UDP,1211,50568  >  50009 Len=1169
192.168.1.69,66.22.238.147,UDP,1211,50568  >  50009 Len=1169
192.168.1.69,66.22.238.147,UDP,1212,50568  >  50009 Len=1170
192.168.1.69,66.22.238.147,UDP,1212,50568  >  50009 Len=1170
192.168.1.69,66.22.238.147,UDP,1212,50568  >  50009 Len=1170
192.168.1.69,66.22.238.147,UDP,92,50568  >  50009 Len=50
192.168.1.69,66.22.238.147,UDP,1199,50568  >  50009 Len=1157
192.168.1.69,66.22.238.147,UDP,1199,50568  >  50009 Len=1157
192.168.1.69,66.22.238.147,UDP,1199,50568  >  50009 Len=1157
192.168.1.69,66.22.238.147,UDP,1199,50568  >  50009 Len=1157
192.168.1.69,66.22.238.147,UDP,1199,50568  >  50009 Len=1157
192.168.1.69,66.22.238.147,UDP,1199,50568  >  50009 Len=1157
192.168.1.69,66.22.238.147,UDP,1199,50568  >  50009 Len=1157
192.168.1.69,66.22.238.147,UDP,1199,50568  >  50009 Len=1157
192.168.1.69,66.22.238.147,UDP,1199,50568  >  50009 Len=1157
192.168.1.69,66.22.238.147,UDP,1199,50568  >  50009 Len=1157
192.168.1.69,66.22.238.147,UDP,1200,50568  >  50009 Len=1158
192.168.1.69,66.22.238.147,UDP,1200,50568  >  50009 Len=1158
192.168.1.69,66.22.238.147,UDP,1200,50568  >  50009 Len=1158
192.168.1.69,66.22.238.147,UDP,92,50568  >  50009 Len=50
192.168.1.69,66.22.238.147,UDP,1164,50568  >  50009 Len=1122
192.168.1.69,66.22.238.147,UDP,1164,50568  >  50009 Len=1122
192.168.1.69,66.22.238.147,UDP,1164,50568  >  50009 Len=1122
192.168.1.69,66.22.238.147,UDP,1164,50568  >  50009 Len=1122
192.168.1.69,66.22.238.147,UDP,1164,50568  >  50009 Len=1122
192.168.1.69,66.22.238.147,UDP,1164,50568  >  50009 Len=1122
192.168.1.69,66.22.238.147,UDP,1164,50568  >  50009 Len=1122
192.168.1.69,66.22.238.147,UDP,1164,50568  >  50009 Len=1122
192.168.1.69,66.22.238.147,UDP,1164,50568  >  50009 Len=1122
192.168.1.69,66.22.238.147,UDP,1164,50568  >  50009 Len=1122
192.168.1.69,66.22.238.147,UDP,1164,50568  >  50009 Len=1122
192.168.1.69,66.22.238.147,UDP,1164,50568  >  50009 Len=1122
192.168.1.69,66.22.238.147,RTCP,102,Sender Report   
192.168.1.69,66.22.238.147,UDP,92,50568  >  50009 Len=50
192.168.1.69,66.22.238.147,UDP,1193,50568  >  50009 Len=1151
192.168.1.69,66.22.238.147,UDP,1194,50568  >  50009 Len=1152
192.168.1.69,66.22.238.147,UDP,1194,50568  >  50009 Len=1152
192.168.1.69,66.22.238.147,UDP,1194,50568  >  50009 Len=1152
192.168.1.69,66.22.238.147,UDP,1194,50568  >  50009 Len=1152
192.168.1.69,66.22.238.147,UDP,1194,50568  >  50009 Len=1152
192.168.1.69,66.22.238.147,UDP,1194,50568  >  50009 Len=1152
192.168.1.69,66.22.238.147,UDP,1194,50568  >  50009 Len=1152
192.168.1.69,66.22.238.147,UDP,1194,50568  >  50009 Len=1152
192.168.1.69,66.22.238.147,UDP,1194,50568  >  50009 Len=1152
192.168.1.69,66.22.238.147,UDP,1194,50568  >  50009 Len=1152
192.168.1.69,66.22.238.147,UDP,1194,50568  >  50009 Len=1152
192.168.1.69,66.22.238.147,UDP,1194,50568  >  50009 Len=1152
192.168.1.69,66.22.238.147,UDP,1194,50568  >  50009 Len=1152
192.168.1.69,66.22.238.147,UDP,92,50568  >  50009 Len=50
192.168.1.69,66.22.238.147,UDP,1226,50568  >  50009 Len=1184
192.168.1.69,66.22.238.147,UDP,1227,50568  >  50009 Len=1185
192.168.1.69,66.22.238.147,UDP,1227,50568  >  50009 Len=1185
192.168.1.69,66.22.238.147,UDP,1227,50568  >  50009 Len=1185
192.168.1.69,66.22.238.147,UDP,1227,50568  >  50009 Len=1185
192.168.1.69,66.22.238.147,UDP,1227,50568  >  50009 Len=1185
192.168.1.69,66.22.238.147,UDP,1227,50568  >  50009 Len=1185
192.168.1.69,66.22.238.147,UDP,1227,50568  >  50009 Len=1185
192.168.1.69,66.22.238.147,UDP,1227,50568  >  50009 Len=1185
192.168.1.69,66.22.238.147,UDP,1227,50568  >  50009 Len=1185
192.168.1.69,66.22.238.147,UDP,1227,50568  >  50009 Len=1185
192.168.1.69,66.22.238.147,UDP,1227,50568  >  50009 Len=1185
192.168.1.69,66.22.238.147,UDP,1227,50568  >  50009 Len=1185
192.168.1.69,66.22.238.147,UDP,1227,50568  >  50009 Len=1185
192.168.1.69,66.22.238.147,UDP,92,50568  >  50009 Len=50
192.168.1.69,66.22.238.147,UDP,1172,50568  >  50009 Len=1130
192.168.1.69,66.22.238.147,UDP,1172,50568  >  50009 Len=1130
192.168.1.69,66.22.238.147,UDP,1172,50568  >  50009 Len=1130
192.168.1.69,66.22.238.147,UDP,1172,50568  >  50009 Len=1130
192.168.1.69,66.22.238.147,UDP,1172,50568  >  50009 Len=1130
192.168.1.69,66.22.238.147,UDP,1172,50568  >  50009 Len=1130
192.168.1.69,66.22.238.147,UDP,1172,50568  >  50009 Len=1130
192.168.1.69,66.22.238.147,UDP,1172,50568  >  50009 Len=1130
192.168.1.69,66.22.238.147,UDP,1172,50568  >  50009 Len=1130
192.168.1.69,66.22.238.147,UDP,1172,50568  >  50009 Len=1130
192.168.1.69,66.22.238.147,UDP,1173,50568  >  50009 Len=1131
192.168.1.69,66.22.238.147,UDP,1173,50568  >  50009 Len=1131
192.168.1.69,66.22.238.147,UDP,1173,50568  >  50009 Len=1131
192.168.1.69,66.22.238.147,UDP,92,50568  >  50009 Len=50
192.168.1.69,66.22.238.147,UDP,1175,50568  >  50009 Len=1133
192.168.1.69,66.22.238.147,UDP,1175,50568  >  50009 Len=1133
192.168.1.69,66.22.238.147,UDP,1175,50568  >  50009 Len=1133
192.168.1.69,66.22.238.147,UDP,1175,50568  >  50009 Len=1133
192.168.1.69,66.22.238.147,UDP,1175,50568  >  50009 Len=1133
192.168.1.69,66.22.238.147,UDP,1175,50568  >  50009 Len=1133
192.168.1.69,66.22.238.147,UDP,1176,50568  >  50009 Len=1134
192.168.1.69,66.22.238.147,UDP,1176,50568  >  50009 Len=1134
192.168.1.69,66.22.238.147,UDP,1176,50568  >  50009 Len=1134
192.168.1.69,66.22.238.147,UDP,1176,50568  >  50009 Len=1134
192.168.1.69,66.22.238.147,UDP,1176,50568  >  50009 Len=1134
192.168.1.69,66.22.238.147,UDP,92,50568  >  50009 Len=50
192.168.1.69,66.22.238.147,UDP,1215,50568  >  50009 Len=1173
192.168.1.69,66.22.238.147,UDP,1215,50568  >  50009 Len=1173
192.168.1.69,66.22.238.147,UDP,1216,50568  >  50009 Len=1174
192.168.1.69,66.22.238.147,UDP,1216,50568  >  50009 Len=1174
192.168.1.69,66.22.238.147,UDP,1216,50568  >  50009 Len=1174
192.168.1.69,66.22.238.147,UDP,92,50568  >  50009 Len=50
192.168.1.69,66.22.238.147,UDP,1185,50568  >  50009 Len=1143
192.168.1.69,66.22.238.147,UDP,1186,50568  >  50009 Len=1144
192.168.1.69,66.22.238.147,UDP,1186,50568  >  50009 Len=1144
192.168.1.69,66.22.238.147,UDP,1186,50568  >  50009 Len=1144
192.168.1.69,66.22.238.147,UDP,1186,50568  >  50009 Len=1144
192.168.1.69,66.22.238.147,UDP,1186,50568  >  50009 Len=1144
192.168.1.69,66.22.238.147,RTCP,102,Sender Report   
192.168.1.69,66.22.238.147,UDP,92,50568  >  50009 Len=50
192.168.1.69,66.22.238.147,UDP,1177,50568  >  50009 Len=1135
192.168.1.69,66.22.238.147,UDP,1177,50568  >  50009 Len=1135
192.168.1.69,66.22.238.147,UDP,1177,50568  >  50009 Len=1135
192.168.1.69,66.22.238.147,UDP,1177,50568  >  50009 Len=1135
192.168.1.69,66.22.238.147,UDP,1177,50568  >  50009 Len=1135
192.168.1.69,66.22.238.147,UDP,1177,50568  >  50009 Len=1135
192.168.1.69,66.22.238.147,UDP,1177,50568  >  50009 Len=1135
192.168.1.69,66.22.238.147,UDP,92,50568  >  50009 Len=50
192.168.1.69,66.22.238.147,UDP,1204,50568  >  50009 Len=1162
192.168.1.69,66.22.238.147,UDP,1204,50568  >  50009 Len=1162
192.168.1.69,66.22.238.147,UDP,1204,50568  >  50009 Len=1162
192.168.1.69,66.22.238.147,UDP,1204,50568  >  50009 Len=1162
192.168.1.69,66.22.238.147,UDP,1204,50568  >  50009 Len=1162
192.168.1.69,66.22.238.147,UDP,1204,50568  >  50009 Len=1162
192.168.1.69,66.22.238.147,UDP,1204,50568  >  50009 Len=1162
192.168.1.69,66.22.238.147,UDP,1205,50568  >  50009 Len=1163
192.168.1.69,66.22.238.147,UDP,92,50568  >  50009 Len=50
192.168.1.69,66.22.238.147,UDP,1255,50568  >  50009 Len=1213
192.168.1.69,66.22.238.147,UDP,1255,50568  >  50009 Len=1213
192.168.1.69,66.22.238.147,UDP,1255,50568  >  50009 Len=1213
192.168.1.69,66.22.238.147,UDP,1256,50568  >  50009 Len=1214
192.168.1.69,66.22.238.147,UDP,1256,50568  >  50009 Len=1214
192.168.1.69,66.22.238.147,UDP,1256,50568  >  50009 Len=1214
192.168.1.69,66.22.238.147,UDP,1256,50568  >  50009 Len=1214
192.168.1.69,66.22.238.147,UDP,1256,50568  >  50009 Len=1214
192.168.1.69,66.22.238.147,UDP,1256,50568  >  50009 Len=1214
192.168.1.69,162.159.135.232,TCP,54,59961  >  443 [ACK] Seq=14650 Ack=1698 Win=514 Len=0
192.168.1.69,162.159.135.232,TLSv1.2,78,Application Data
192.168.1.69,162.159.135.232,TCP,54,59961  >  443 [FIN, ACK] Seq=14674 Ack=1698 Win=514 Len=0
192.168.1.69,66.22.238.147,UDP,92,50568  >  50009 Len=50
192.168.1.69,66.22.238.147,UDP,1229,50568  >  50009 Len=1187
192.168.1.69,66.22.238.147,UDP,1229,50568  >  50009 Len=1187
192.168.1.69,66.22.238.147,UDP,1230,50568  >  50009 Len=1188
192.168.1.69,66.22.238.147,UDP,1230,50568  >  50009 Len=1188
192.168.1.69,66.22.238.147,UDP,1230,50568  >  50009 Len=1188
192.168.1.69,66.22.238.147,UDP,1230,50568  >  50009 Len=1188
192.168.1.69,66.22.238.147,UDP,1230,50568  >  50009 Len=1188
192.168.1.69,66.22.238.147,RTCP,118,Sender Report   
192.168.1.69,66.22.238.147,UDP,92,50568  >  50009 Len=50
192.168.1.69,66.22.238.147,UDP,1257,50568  >  50009 Len=1215
192.168.1.69,66.22.238.147,UDP,1257,50568  >  50009 Len=1215
192.168.1.69,66.22.238.147,UDP,1257,50568  >  50009 Len=1215
192.168.1.69,66.22.238.147,UDP,1257,50568  >  50009 Len=1215
192.168.1.69,66.22.238.147,UDP,1257,50568  >  50009 Len=1215
192.168.1.69,66.22.238.147,UDP,1258,50568  >  50009 Len=1216
192.168.1.69,66.22.238.147,UDP,1258,50568  >  50009 Len=1216
192.168.1.69,66.22.238.147,UDP,92,50568  >  50009 Len=50
192.168.1.69,66.22.238.147,UDP,1131,50568  >  50009 Len=1089
192.168.1.69,66.22.238.147,UDP,1131,50568  >  50009 Len=1089
192.168.1.69,66.22.238.147,UDP,1131,50568  >  50009 Len=1089
192.168.1.69,66.22.238.147,UDP,1131,50568  >  50009 Len=1089
192.168.1.69,66.22.238.147,UDP,1132,50568  >  50009 Len=1090
192.168.1.69,66.22.238.147,UDP,1132,50568  >  50009 Len=1090
192.168.1.69,66.22.238.147,UDP,1132,50568  >  50009 Len=1090
192.168.1.69,66.22.238.147,UDP,1132,50568  >  50009 Len=1090
192.168.1.69,66.22.238.147,UDP,92,50568  >  50009 Len=50
192.168.1.69,66.22.238.147,UDP,1155,50568  >  50009 Len=1113
192.168.1.69,66.22.238.147,UDP,1155,50568  >  50009 Len=1113
192.168.1.69,66.22.238.147,UDP,1156,50568  >  50009 Len=1114
192.168.1.69,66.22.238.147,UDP,1156,50568  >  50009 Len=1114
192.168.1.69,66.22.238.147,UDP,1156,50568  >  50009 Len=1114
192.168.1.69,66.22.238.147,UDP,1156,50568  >  50009 Len=1114
192.168.1.69,66.22.238.147,UDP,1156,50568  >  50009 Len=1114
192.168.1.69,66.22.238.147,UDP,1156,50568  >  50009 Len=1114
192.168.1.69,66.22.238.147,RTCP,102,Sender Report   
192.168.1.69,66.22.238.147,UDP,92,50568  >  50009 Len=50
192.168.1.69,66.22.238.147,UDP,1226,50568  >  50009 Len=1184
192.168.1.69,66.22.238.147,UDP,1226,50568  >  50009 Len=1184
192.168.1.69,66.22.238.147,UDP,1226,50568  >  50009 Len=1184
192.168.1.69,66.22.238.147,UDP,1226,50568  >  50009 Len=1184
192.168.1.69,66.22.238.147,UDP,1226,50568  >  50009 Len=1184
192.168.1.69,66.22.238.147,UDP,1226,50568  >  50009 Len=1184
192.168.1.69,66.22.238.147,UDP,1226,50568  >  50009 Len=1184
192.168.1.69,66.22.238.147,UDP,1227,50568  >  50009 Len=1185
192.168.1.69,66.22.238.147,UDP,92,50568  >  50009 Len=50
192.168.1.69,66.22.238.147,UDP,1141,50568  >  50009 Len=1099
192.168.1.69,66.22.238.147,UDP,1141,50568  >  50009 Len=1099
192.168.1.69,66.22.238.147,UDP,1142,50568  >  50009 Len=1100
192.168.1.69,66.22.238.147,UDP,1142,50568  >  50009 Len=1100
192.168.1.69,66.22.238.147,UDP,1142,50568  >  50009 Len=1100
192.168.1.69,66.22.238.147,UDP,1142,50568  >  50009 Len=1100
192.168.1.69,66.22.238.147,UDP,1142,50568  >  50009 Len=1100
192.168.1.69,66.22.238.147,UDP,1142,50568  >  50009 Len=1100
192.168.1.69,66.22.238.147,UDP,1142,50568  >  50009 Len=1100
192.168.1.69,162.159.130.234,TCP,54,63850  >  443 [ACK] Seq=1 Ack=262 Win=513 Len=0
192.168.1.69,66.22.238.147,RTCP,102,Sender Report   
192.168.1.69,66.22.238.147,UDP,92,50568  >  50009 Len=50
192.168.1.69,66.22.238.147,UDP,1151,50568  >  50009 Len=1109
192.168.1.69,66.22.238.147,UDP,1151,50568  >  50009 Len=1109
192.168.1.69,66.22.238.147,UDP,1151,50568  >  50009 Len=1109
192.168.1.69,66.22.238.147,UDP,1151,50568  >  50009 Len=1109
192.168.1.69,66.22.238.147,UDP,1151,50568  >  50009 Len=1109
192.168.1.69,66.22.238.147,UDP,1151,50568  >  50009 Len=1109
192.168.1.69,66.22.238.147,UDP,1151,50568  >  50009 Len=1109
192.168.1.69,66.22.238.147,UDP,1151,50568  >  50009 Len=1109
192.168.1.69,66.22.238.147,UDP,1152,50568  >  50009 Len=1110
192.168.1.69,66.22.238.147,UDP,92,50568  >  50009 Len=50
192.168.1.69,66.22.238.147,UDP,1154,50568  >  50009 Len=1112
192.168.1.69,66.22.238.147,UDP,1154,50568  >  50009 Len=1112
192.168.1.69,66.22.238.147,UDP,1154,50568  >  50009 Len=1112
192.168.1.69,66.22.238.147,UDP,1154,50568  >  50009 Len=1112
192.168.1.69,66.22.238.147,UDP,1154,50568  >  50009 Len=1112
192.168.1.69,162.159.135.232,TCP,54,59961  >  443 [ACK] Seq=14675 Ack=1699 Win=514 Len=0
192.168.1.69,66.22.238.147,UDP,1154,50568  >  50009 Len=1112
192.168.1.69,66.22.238.147,UDP,1154,50568  >  50009 Len=1112
192.168.1.69,66.22.238.147,UDP,1154,50568  >  50009 Len=1112
192.168.1.69,66.22.238.147,UDP,1154,50568  >  50009 Len=1112
192.168.1.69,66.22.238.147,UDP,1154,50568  >  50009 Len=1112
192.168.1.69,66.22.238.147,UDP,92,50568  >  50009 Len=50
192.168.1.69,66.22.238.147,UDP,1166,50568  >  50009 Len=1124
192.168.1.69,66.22.238.147,UDP,1166,50568  >  50009 Len=1124
192.168.1.69,66.22.238.147,UDP,1166,50568  >  50009 Len=1124
192.168.1.69,66.22.238.147,UDP,1166,50568  >  50009 Len=1124
192.168.1.69,66.22.238.147,UDP,92,50568  >  50009 Len=50
192.168.1.69,66.22.238.147,UDP,1113,50568  >  50009 Len=1071
192.168.1.69,66.22.238.147,UDP,1113,50568  >  50009 Len=1071
192.168.1.69,66.22.238.147,UDP,1113,50568  >  50009 Len=1071
192.168.1.69,66.22.238.147,UDP,1113,50568  >  50009 Len=1071
192.168.1.69,66.22.238.147,UDP,1113,50568  >  50009 Len=1071
192.168.1.69,66.22.238.147,UDP,1113,50568  >  50009 Len=1071
192.168.1.69,66.22.238.147,RTCP,102,Sender Report   
192.168.1.69,66.22.238.147,UDP,92,50568  >  50009 Len=50
192.168.1.69,66.22.238.147,UDP,1220,50568  >  50009 Len=1178
192.168.1.69,66.22.238.147,UDP,1220,50568  >  50009 Len=1178
192.168.1.69,66.22.238.147,UDP,1220,50568  >  50009 Len=1178
192.168.1.69,66.22.238.147,UDP,1220,50568  >  50009 Len=1178
192.168.1.69,66.22.238.147,UDP,1220,50568  >  50009 Len=1178
192.168.1.69,66.22.238.147,UDP,1220,50568  >  50009 Len=1178
192.168.1.69,66.22.238.147,UDP,1220,50568  >  50009 Len=1178
192.168.1.69,66.22.238.147,UDP,92,50568  >  50009 Len=50
192.168.1.69,66.22.238.147,UDP,1240,50568  >  50009 Len=1198
192.168.1.69,66.22.238.147,UDP,1240,50568  >  50009 Len=1198
192.168.1.69,66.22.238.147,UDP,1240,50568  >  50009 Len=1198
192.168.1.69,66.22.238.147,UDP,1240,50568  >  50009 Len=1198
192.168.1.69,66.22.238.147,UDP,1241,50568  >  50009 Len=1199
192.168.1.69,66.22.238.147,UDP,1241,50568  >  50009 Len=1199
192.168.1.69,66.22.238.147,UDP,1241,50568  >  50009 Len=1199
192.168.1.69,66.22.238.147,UDP,1241,50568  >  50009 Len=1199
192.168.1.69,66.22.238.147,UDP,92,50568  >  50009 Len=50
192.168.1.69,66.22.238.147,UDP,1167,50568  >  50009 Len=1125
192.168.1.69,66.22.238.147,UDP,1167,50568  >  50009 Len=1125
192.168.1.69,66.22.238.147,UDP,1168,50568  >  50009 Len=1126
192.168.1.69,66.22.238.147,UDP,1168,50568  >  50009 Len=1126
192.168.1.69,66.22.238.147,UDP,1168,50568  >  50009 Len=1126
192.168.1.69,66.22.238.147,RTCP,102,Sender Report   
192.168.1.69,66.22.238.147,UDP,1168,50568  >  50009 Len=1126
192.168.1.69,66.22.238.147,UDP,1168,50568  >  50009 Len=1126
192.168.1.69,66.22.238.147,UDP,1168,50568  >  50009 Len=1126
192.168.1.69,66.22.238.147,UDP,1168,50568  >  50009 Len=1126
192.168.1.69,66.22.238.147,UDP,92,50568  >  50009 Len=50
192.168.1.69,66.22.238.147,UDP,1239,50568  >  50009 Len=1197
192.168.1.69,66.22.238.147,UDP,1239,50568  >  50009 Len=1197
192.168.1.69,66.22.238.147,UDP,1239,50568  >  50009 Len=1197
192.168.1.69,66.22.238.147,UDP,1239,50568  >  50009 Len=1197
192.168.1.69,66.22.238.147,UDP,1239,50568  >  50009 Len=1197
192.168.1.69,66.22.238.147,UDP,1239,50568  >  50009 Len=1197
192.168.1.69,66.22.238.147,UDP,1239,50568  >  50009 Len=1197
192.168.1.69,66.22.238.147,UDP,1239,50568  >  50009 Len=1197
192.168.1.69,66.22.238.147,UDP,1239,50568  >  50009 Len=1197
192.168.1.69,66.22.238.147,UDP,1240,50568  >  50009 Len=1198
192.168.1.69,66.22.238.147,UDP,92,50568  >  50009 Len=50
192.168.1.69,66.22.238.147,UDP,1149,50568  >  50009 Len=1107
192.168.1.69,66.22.238.147,UDP,1149,50568  >  50009 Len=1107
192.168.1.69,66.22.238.147,UDP,1149,50568  >  50009 Len=1107
192.168.1.69,66.22.238.147,UDP,1149,50568  >  50009 Len=1107
192.168.1.69,66.22.238.147,UDP,1149,50568  >  50009 Len=1107
192.168.1.69,66.22.238.147,UDP,1149,50568  >  50009 Len=1107
192.168.1.69,66.22.238.147,UDP,1149,50568  >  50009 Len=1107
192.168.1.69,66.22.238.147,UDP,1149,50568  >  50009 Len=1107
192.168.1.69,66.22.238.147,UDP,1150,50568  >  50009 Len=1108
192.168.1.69,66.22.238.147,UDP,1150,50568  >  50009 Len=1108
192.168.1.69,66.22.238.147,UDP,92,50568  >  50009 Len=50
192.168.1.69,66.22.238.147,UDP,1172,50568  >  50009 Len=1130
192.168.1.69,66.22.238.147,UDP,1172,50568  >  50009 Len=1130
192.168.1.69,66.22.238.147,UDP,1172,50568  >  50009 Len=1130
192.168.1.69,66.22.238.147,UDP,1172,50568  >  50009 Len=1130
192.168.1.69,66.22.238.147,UDP,1172,50568  >  50009 Len=1130
192.168.1.69,66.22.238.147,UDP,1172,50568  >  50009 Len=1130
192.168.1.69,66.22.238.147,UDP,1172,50568  >  50009 Len=1130
192.168.1.69,66.22.238.147,UDP,1172,50568  >  50009 Len=1130
192.168.1.69,66.22.238.147,UDP,92,50568  >  50009 Len=50
192.168.1.69,66.22.238.147,UDP,1177,50568  >  50009 Len=1135
192.168.1.69,66.22.238.147,UDP,1177,50568  >  50009 Len=1135
192.168.1.69,66.22.238.147,UDP,1177,50568  >  50009 Len=1135
192.168.1.69,66.22.238.147,UDP,1177,50568  >  50009 Len=1135
192.168.1.69,66.22.238.147,UDP,1177,50568  >  50009 Len=1135
192.168.1.69,66.22.238.147,UDP,1177,50568  >  50009 Len=1135
192.168.1.69,66.22.238.147,UDP,1177,50568  >  50009 Len=1135
192.168.1.69,66.22.238.147,UDP,1178,50568  >  50009 Len=1136
192.168.1.69,66.22.238.147,UDP,92,50568  >  50009 Len=50
192.168.1.69,66.22.238.147,UDP,1234,50568  >  50009 Len=1192
192.168.1.69,66.22.238.147,UDP,1234,50568  >  50009 Len=1192
192.168.1.69,66.22.238.147,UDP,1234,50568  >  50009 Len=1192
192.168.1.69,66.22.238.147,UDP,1234,50568  >  50009 Len=1192
192.168.1.69,66.22.238.147,UDP,1234,50568  >  50009 Len=1192
192.168.1.69,66.22.238.147,UDP,1235,50568  >  50009 Len=1193
192.168.1.69,66.22.238.147,RTCP,118,Sender Report   
192.168.1.69,66.22.238.147,UDP,1235,50568  >  50009 Len=1193
192.168.1.69,66.22.238.147,UDP,1235,50568  >  50009 Len=1193
192.168.1.69,66.22.238.147,UDP,92,50568  >  50009 Len=50
192.168.1.69,66.22.238.147,UDP,1241,50568  >  50009 Len=1199
192.168.1.69,66.22.238.147,UDP,1241,50568  >  50009 Len=1199
192.168.1.69,66.22.238.147,UDP,1242,50568  >  50009 Len=1200
192.168.1.69,66.22.238.147,UDP,1242,50568  >  50009 Len=1200
192.168.1.69,66.22.238.147,UDP,1242,50568  >  50009 Len=1200
192.168.1.69,66.22.238.147,UDP,1242,50568  >  50009 Len=1200
192.168.1.69,66.22.238.147,UDP,1242,50568  >  50009 Len=1200
192.168.1.69,66.22.238.147,UDP,1242,50568  >  50009 Len=1200
192.168.1.69,66.22.238.147,UDP,92,50568  >  50009 Len=50
192.168.1.69,66.22.238.147,UDP,1132,50568  >  50009 Len=1090
192.168.1.69,66.22.238.147,UDP,1132,50568  >  50009 Len=1090
192.168.1.69,66.22.238.147,UDP,1132,50568  >  50009 Len=1090
192.168.1.69,66.22.238.147,UDP,1132,50568  >  50009 Len=1090
192.168.1.69,66.22.238.147,UDP,1133,50568  >  50009 Len=1091
192.168.1.69,66.22.238.147,UDP,1133,50568  >  50009 Len=1091
192.168.1.69,66.22.238.147,UDP,1133,50568  >  50009 Len=1091
192.168.1.69,66.22.238.147,UDP,1133,50568  >  50009 Len=1091
192.168.1.69,66.22.238.147,UDP,1133,50568  >  50009 Len=1091
192.168.1.69,66.22.238.147,UDP,92,50568  >  50009 Len=50
192.168.1.69,66.22.238.147,UDP,1191,50568  >  50009 Len=1149
192.168.1.69,66.22.238.147,UDP,1191,50568  >  50009 Len=1149
192.168.1.69,66.22.238.147,UDP,1192,50568  >  50009 Len=1150
192.168.1.69,66.22.238.147,UDP,1192,50568  >  50009 Len=1150
192.168.1.69,66.22.238.147,UDP,1192,50568  >  50009 Len=1150
192.168.1.69,66.22.238.147,UDP,1192,50568  >  50009 Len=1150
192.168.1.69,66.22.238.147,UDP,1192,50568  >  50009 Len=1150
192.168.1.69,66.22.238.147,UDP,1192,50568  >  50009 Len=1150
192.168.1.69,66.22.238.147,UDP,1192,50568  >  50009 Len=1150
192.168.1.69,66.22.238.147,RTCP,102,Sender Report   
192.168.1.69,66.22.238.147,UDP,1192,50568  >  50009 Len=1150
192.168.1.69,66.22.238.147,UDP,1192,50568  >  50009 Len=1150
192.168.1.69,66.22.238.147,UDP,92,50568  >  50009 Len=50
192.168.1.69,66.22.238.147,UDP,1164,50568  >  50009 Len=1122
192.168.1.69,66.22.238.147,UDP,1164,50568  >  50009 Len=1122
192.168.1.69,66.22.238.147,UDP,1164,50568  >  50009 Len=1122
192.168.1.69,66.22.238.147,UDP,1164,50568  >  50009 Len=1122
192.168.1.69,66.22.238.147,UDP,1164,50568  >  50009 Len=1122
192.168.1.69,66.22.238.147,UDP,1164,50568  >  50009 Len=1122
192.168.1.69,66.22.238.147,UDP,1164,50568  >  50009 Len=1122
192.168.1.69,66.22.238.147,UDP,1164,50568  >  50009 Len=1122
192.168.1.69,66.22.238.147,UDP,1165,50568  >  50009 Len=1123
192.168.1.69,66.22.238.147,UDP,1165,50568  >  50009 Len=1123
192.168.1.69,66.22.238.147,UDP,92,50568  >  50009 Len=50
192.168.1.69,66.22.238.147,UDP,1221,50568  >  50009 Len=1179
192.168.1.69,66.22.238.147,UDP,1221,50568  >  50009 Len=1179
192.168.1.69,66.22.238.147,UDP,1221,50568  >  50009 Len=1179
192.168.1.69,66.22.238.147,UDP,1221,50568  >  50009 Len=1179
192.168.1.69,66.22.238.147,UDP,1221,50568  >  50009 Len=1179
192.168.1.69,66.22.238.147,UDP,1221,50568  >  50009 Len=1179
192.168.1.69,66.22.238.147,UDP,1221,50568  >  50009 Len=1179
192.168.1.69,66.22.238.147,UDP,1221,50568  >  50009 Len=1179
192.168.1.69,66.22.238.147,UDP,1222,50568  >  50009 Len=1180
192.168.1.69,66.22.238.147,RTCP,102,Sender Report   
192.168.1.69,66.22.238.147,UDP,92,50568  >  50009 Len=50
192.168.1.69,66.22.238.147,UDP,1190,50568  >  50009 Len=1148
192.168.1.69,66.22.238.147,UDP,1190,50568  >  50009 Len=1148
192.168.1.69,66.22.238.147,UDP,1190,50568  >  50009 Len=1148
192.168.1.69,66.22.238.147,UDP,1190,50568  >  50009 Len=1148
192.168.1.69,66.22.238.147,UDP,1190,50568  >  50009 Len=1148
192.168.1.69,66.22.238.147,UDP,1190,50568  >  50009 Len=1148
192.168.1.69,66.22.238.147,UDP,1190,50568  >  50009 Len=1148
192.168.1.69,66.22.238.147,UDP,1190,50568  >  50009 Len=1148
192.168.1.69,66.22.238.147,UDP,1191,50568  >  50009 Len=1149
192.168.1.69,66.22.238.147,UDP,1191,50568  >  50009 Len=1149
192.168.1.69,66.22.238.147,UDP,92,50568  >  50009 Len=50
192.168.1.69,66.22.238.147,UDP,1204,50568  >  50009 Len=1162
192.168.1.69,66.22.238.147,UDP,1204,50568  >  50009 Len=1162
192.168.1.69,66.22.238.147,UDP,1204,50568  >  50009 Len=1162
192.168.1.69,66.22.238.147,UDP,1204,50568  >  50009 Len=1162
192.168.1.69,66.22.238.147,UDP,1204,50568  >  50009 Len=1162
192.168.1.69,66.22.238.147,UDP,1204,50568  >  50009 Len=1162
192.168.1.69,66.22.238.147,UDP,1205,50568  >  50009 Len=1163
192.168.1.69,66.22.238.147,UDP,1205,50568  >  50009 Len=1163
192.168.1.69,66.22.238.147,UDP,1205,50568  >  50009 Len=1163
192.168.1.69,66.22.238.147,UDP,1205,50568  >  50009 Len=1163
192.168.1.69,66.22.238.147,UDP,1205,50568  >  50009 Len=1163
192.168.1.69,66.22.238.147,UDP,92,50568  >  50009 Len=50
192.168.1.69,66.22.238.147,UDP,1258,50568  >  50009 Len=1216
192.168.1.69,66.22.238.147,UDP,1258,50568  >  50009 Len=1216
192.168.1.69,66.22.238.147,UDP,1258,50568  >  50009 Len=1216
192.168.1.69,66.22.238.147,UDP,1258,50568  >  50009 Len=1216
192.168.1.69,66.22.238.147,UDP,1258,50568  >  50009 Len=1216
192.168.1.69,66.22.238.147,UDP,1259,50568  >  50009 Len=1217
192.168.1.69,66.22.238.147,UDP,1259,50568  >  50009 Len=1217
192.168.1.69,66.22.238.147,UDP,1259,50568  >  50009 Len=1217
192.168.1.69,66.22.238.147,UDP,1259,50568  >  50009 Len=1217
192.168.1.69,66.22.238.147,UDP,1259,50568  >  50009 Len=1217
192.168.1.69,66.22.238.147,UDP,1259,50568  >  50009 Len=1217
192.168.1.69,66.22.238.147,UDP,1259,50568  >  50009 Len=1217
192.168.1.69,66.22.238.147,UDP,1259,50568  >  50009 Len=1217
192.168.1.69,66.22.238.147,UDP,1259,50568  >  50009 Len=1217
192.168.1.69,66.22.238.147,UDP,1259,50568  >  50009 Len=1217
192.168.1.69,66.22.238.147,UDP,92,50568  >  50009 Len=50
192.168.1.69,66.22.238.147,UDP,1253,50568  >  50009 Len=1211
192.168.1.69,66.22.238.147,UDP,1253,50568  >  50009 Len=1211
192.168.1.69,66.22.238.147,UDP,1254,50568  >  50009 Len=1212
192.168.1.69,66.22.238.147,UDP,1254,50568  >  50009 Len=1212
192.168.1.69,66.22.238.147,UDP,1254,50568  >  50009 Len=1212
192.168.1.69,66.22.238.147,UDP,1254,50568  >  50009 Len=1212
192.168.1.69,66.22.238.147,UDP,1254,50568  >  50009 Len=1212
192.168.1.69,66.22.238.147,UDP,1254,50568  >  50009 Len=1212
192.168.1.69,66.22.238.147,UDP,1254,50568  >  50009 Len=1212
192.168.1.69,66.22.238.147,UDP,1254,50568  >  50009 Len=1212
192.168.1.69,66.22.238.147,UDP,1254,50568  >  50009 Len=1212
192.168.1.69,66.22.238.147,UDP,1254,50568  >  50009 Len=1212
192.168.1.69,66.22.238.147,UDP,1254,50568  >  50009 Len=1212
192.168.1.69,66.22.238.147,UDP,92,50568  >  50009 Len=50
192.168.1.69,66.22.238.147,UDP,1229,50568  >  50009 Len=1187
192.168.1.69,66.22.238.147,UDP,1229,50568  >  50009 Len=1187
192.168.1.69,66.22.238.147,UDP,1229,50568  >  50009 Len=1187
192.168.1.69,66.22.238.147,UDP,1229,50568  >  50009 Len=1187
192.168.1.69,66.22.238.147,UDP,1229,50568  >  50009 Len=1187
192.168.1.69,66.22.238.147,UDP,1229,50568  >  50009 Len=1187
192.168.1.69,66.22.238.147,UDP,1229,50568  >  50009 Len=1187
192.168.1.69,162.159.130.234,TCP,54,63850  >  443 [ACK] Seq=1 Ack=554 Win=511 Len=0
192.168.1.69,66.22.238.147,UDP,92,50568  >  50009 Len=50
192.168.1.69,66.22.238.147,UDP,1161,50568  >  50009 Len=1119
192.168.1.69,66.22.238.147,UDP,1161,50568  >  50009 Len=1119
192.168.1.69,66.22.238.147,UDP,1161,50568  >  50009 Len=1119
192.168.1.69,66.22.238.147,UDP,1161,50568  >  50009 Len=1119
192.168.1.69,66.22.238.147,UDP,1162,50568  >  50009 Len=1120
192.168.1.69,66.22.238.147,UDP,1162,50568  >  50009 Len=1120
192.168.1.69,66.22.238.147,UDP,1162,50568  >  50009 Len=1120
192.168.1.69,66.22.238.147,UDP,1162,50568  >  50009 Len=1120
192.168.1.69,66.22.238.147,UDP,1162,50568  >  50009 Len=1120
192.168.1.69,66.22.238.147,RTCP,118,Sender Report   
192.168.1.69,66.22.238.147,UDP,92,50568  >  50009 Len=50
192.168.1.69,66.22.238.147,UDP,1211,50568  >  50009 Len=1169
192.168.1.69,66.22.238.147,UDP,1211,50568  >  50009 Len=1169
192.168.1.69,66.22.238.147,UDP,1211,50568  >  50009 Len=1169
192.168.1.69,66.22.238.147,UDP,1212,50568  >  50009 Len=1170
192.168.1.69,66.22.238.147,UDP,1212,50568  >  50009 Len=1170
192.168.1.69,66.22.238.147,UDP,1212,50568  >  50009 Len=1170
192.168.1.69,66.22.238.147,UDP,1212,50568  >  50009 Len=1170
192.168.1.69,66.22.238.147,UDP,1212,50568  >  50009 Len=1170
192.168.1.69,66.22.238.147,UDP,92,50568  >  50009 Len=50
192.168.1.69,66.22.238.147,UDP,1144,50568  >  50009 Len=1102
192.168.1.69,66.22.238.147,UDP,1144,50568  >  50009 Len=1102
192.168.1.69,66.22.238.147,UDP,1144,50568  >  50009 Len=1102
192.168.1.69,66.22.238.147,UDP,1144,50568  >  50009 Len=1102
192.168.1.69,66.22.238.147,UDP,1144,50568  >  50009 Len=1102
192.168.1.69,66.22.238.147,UDP,1145,50568  >  50009 Len=1103
192.168.1.69,66.22.238.147,UDP,1145,50568  >  50009 Len=1103
192.168.1.69,66.22.238.147,UDP,92,50568  >  50009 Len=50
192.168.1.69,66.22.238.147,UDP,1156,50568  >  50009 Len=1114
192.168.1.69,66.22.238.147,UDP,1156,50568  >  50009 Len=1114
192.168.1.69,66.22.238.147,UDP,1156,50568  >  50009 Len=1114
192.168.1.69,66.22.238.147,UDP,1156,50568  >  50009 Len=1114
192.168.1.69,66.22.238.147,UDP,1156,50568  >  50009 Len=1114
192.168.1.69,66.22.238.147,UDP,1156,50568  >  50009 Len=1114
192.168.1.69,66.22.238.147,UDP,1157,50568  >  50009 Len=1115
192.168.1.69,66.22.238.147,RTCP,94,Receiver Report   
192.168.1.69,66.22.238.147,UDP,92,50568  >  50009 Len=50
192.168.1.69,66.22.238.147,UDP,1143,50568  >  50009 Len=1101
192.168.1.69,66.22.238.147,UDP,1143,50568  >  50009 Len=1101
192.168.1.69,66.22.238.147,UDP,1143,50568  >  50009 Len=1101
192.168.1.69,66.22.238.147,UDP,1143,50568  >  50009 Len=1101
192.168.1.69,66.22.238.147,UDP,1143,50568  >  50009 Len=1101
192.168.1.69,66.22.238.147,UDP,1143,50568  >  50009 Len=1101
192.168.1.69,66.22.238.147,UDP,1143,50568  >  50009 Len=1101
192.168.1.69,66.22.238.147,UDP,1143,50568  >  50009 Len=1101
192.168.1.69,66.22.238.147,UDP,1144,50568  >  50009 Len=1102
192.168.1.69,66.22.238.147,UDP,92,50568  >  50009 Len=50
192.168.1.69,66.22.238.147,UDP,1252,50568  >  50009 Len=1210
192.168.1.69,66.22.238.147,UDP,1253,50568  >  50009 Len=1211
192.168.1.69,66.22.238.147,UDP,1253,50568  >  50009 Len=1211
192.168.1.69,66.22.238.147,UDP,1253,50568  >  50009 Len=1211
192.168.1.69,66.22.238.147,UDP,1253,50568  >  50009 Len=1211
192.168.1.69,66.22.238.147,RTCP,102,Sender Report   
192.168.1.69,66.22.238.147,UDP,1253,50568  >  50009 Len=1211
192.168.1.69,66.22.238.147,UDP,1253,50568  >  50009 Len=1211
192.168.1.69,149.154.167.91,SSL,351,Continuation Data
192.168.1.69,162.159.137.234,TLSv1.2,115,Application Data
192.168.1.69,66.22.238.147,UDP,92,50568  >  50009 Len=50
192.168.1.69,66.22.238.147,UDP,1126,50568  >  50009 Len=1084
192.168.1.69,66.22.238.147,UDP,1126,50568  >  50009 Len=1084
192.168.1.69,66.22.238.147,UDP,1126,50568  >  50009 Len=1084
192.168.1.69,66.22.238.147,UDP,1126,50568  >  50009 Len=1084
192.168.1.69,66.22.238.147,UDP,1127,50568  >  50009 Len=1085
192.168.1.69,66.22.238.147,UDP,1127,50568  >  50009 Len=1085
192.168.1.69,66.22.238.147,UDP,1127,50568  >  50009 Len=1085
192.168.1.69,66.22.238.147,UDP,1127,50568  >  50009 Len=1085
192.168.1.69,66.22.238.147,UDP,92,50568  >  50009 Len=50
192.168.1.69,66.22.238.147,UDP,1160,50568  >  50009 Len=1118
192.168.1.69,66.22.238.147,UDP,1160,50568  >  50009 Len=1118
192.168.1.69,66.22.238.147,UDP,1160,50568  >  50009 Len=1118
192.168.1.69,66.22.238.147,UDP,1160,50568  >  50009 Len=1118
192.168.1.69,66.22.238.147,UDP,1161,50568  >  50009 Len=1119
192.168.1.69,66.22.238.147,UDP,1161,50568  >  50009 Len=1119
192.168.1.69,66.22.238.147,UDP,1161,50568  >  50009 Len=1119
192.168.1.69,66.22.238.147,UDP,1161,50568  >  50009 Len=1119
192.168.1.69,162.159.137.234,TCP,54,59873  >  443 [ACK] Seq=62 Ack=58 Win=512 Len=0
192.168.1.69,66.22.238.147,UDP,92,50568  >  50009 Len=50
192.168.1.69,66.22.238.147,UDP,1228,50568  >  50009 Len=1186
192.168.1.69,66.22.238.147,UDP,1229,50568  >  50009 Len=1187
192.168.1.69,66.22.238.147,UDP,1229,50568  >  50009 Len=1187
192.168.1.69,66.22.238.147,UDP,1229,50568  >  50009 Len=1187
192.168.1.69,66.22.238.147,UDP,1229,50568  >  50009 Len=1187
192.168.1.69,66.22.238.147,UDP,1229,50568  >  50009 Len=1187
192.168.1.69,66.22.238.147,UDP,1229,50568  >  50009 Len=1187
192.168.1.69,66.22.238.147,UDP,1229,50568  >  50009 Len=1187
192.168.1.69,149.154.167.91,TCP,54,57853  >  443 [ACK] Seq=298 Ack=579 Win=515 Len=0
192.168.1.69,66.22.238.147,UDP,92,50568  >  50009 Len=50
192.168.1.69,66.22.238.147,UDP,1248,50568  >  50009 Len=1206
192.168.1.69,66.22.238.147,UDP,1248,50568  >  50009 Len=1206
192.168.1.69,66.22.238.147,UDP,1248,50568  >  50009 Len=1206
192.168.1.69,66.22.238.147,UDP,1248,50568  >  50009 Len=1206
192.168.1.69,66.22.238.147,UDP,1248,50568  >  50009 Len=1206
192.168.1.69,66.22.238.147,UDP,1248,50568  >  50009 Len=1206
192.168.1.69,66.22.238.147,UDP,1248,50568  >  50009 Len=1206
192.168.1.69,66.22.238.147,UDP,1249,50568  >  50009 Len=1207
192.168.1.69,66.22.238.147,UDP,92,50568  >  50009 Len=50
192.168.1.69,66.22.238.147,UDP,1146,50568  >  50009 Len=1104
192.168.1.69,66.22.238.147,UDP,1146,50568  >  50009 Len=1104
192.168.1.69,66.22.238.147,UDP,1146,50568  >  50009 Len=1104
192.168.1.69,66.22.238.147,UDP,1146,50568  >  50009 Len=1104
192.168.1.69,66.22.238.147,UDP,1146,50568  >  50009 Len=1104
192.168.1.69,66.22.238.147,RTCP,102,Sender Report   
192.168.1.69,162.159.130.234,TCP,54,63850  >  443 [ACK] Seq=1 Ack=792 Win=510 Len=0
192.168.1.69,66.22.238.147,UDP,1147,50568  >  50009 Len=1105
192.168.1.69,66.22.238.147,UDP,1147,50568  >  50009 Len=1105
192.168.1.69,66.22.238.147,UDP,1147,50568  >  50009 Len=1105
192.168.1.69,66.22.238.147,UDP,1147,50568  >  50009 Len=1105
192.168.1.69,66.22.238.147,UDP,92,50568  >  50009 Len=50
192.168.1.69,66.22.238.147,UDP,1233,50568  >  50009 Len=1191
192.168.1.69,66.22.238.147,UDP,1233,50568  >  50009 Len=1191
192.168.1.69,66.22.238.147,UDP,1233,50568  >  50009 Len=1191
192.168.1.69,66.22.238.147,UDP,1233,50568  >  50009 Len=1191
192.168.1.69,66.22.238.147,UDP,1233,50568  >  50009 Len=1191
192.168.1.69,66.22.238.147,UDP,1234,50568  >  50009 Len=1192
192.168.1.69,66.22.238.147,UDP,1234,50568  >  50009 Len=1192
192.168.1.69,66.22.238.147,UDP,1234,50568  >  50009 Len=1192
192.168.1.69,66.22.238.147,UDP,1234,50568  >  50009 Len=1192
192.168.1.69,66.22.238.147,UDP,1234,50568  >  50009 Len=1192
192.168.1.69,66.22.238.147,UDP,92,50568  >  50009 Len=50
192.168.1.69,66.22.238.147,UDP,1250,50568  >  50009 Len=1208
192.168.1.69,66.22.238.147,UDP,1250,50568  >  50009 Len=1208
192.168.1.69,66.22.238.147,UDP,1250,50568  >  50009 Len=1208
192.168.1.69,66.22.238.147,UDP,1250,50568  >  50009 Len=1208
192.168.1.69,66.22.238.147,UDP,1250,50568  >  50009 Len=1208
192.168.1.69,66.22.238.147,UDP,1250,50568  >  50009 Len=1208
192.168.1.69,66.22.238.147,UDP,1250,50568  >  50009 Len=1208
192.168.1.69,66.22.238.147,UDP,1250,50568  >  50009 Len=1208
192.168.1.69,66.22.238.147,UDP,1251,50568  >  50009 Len=1209
192.168.1.69,66.22.238.147,UDP,1251,50568  >  50009 Len=1209
192.168.1.69,66.22.238.147,UDP,1251,50568  >  50009 Len=1209
192.168.1.69,66.22.238.147,UDP,1251,50568  >  50009 Len=1209
192.168.1.69,66.22.238.147,UDP,1251,50568  >  50009 Len=1209
192.168.1.69,66.22.238.147,UDP,1251,50568  >  50009 Len=1209
192.168.1.69,66.22.238.147,RTCP,102,Sender Report   
192.168.1.69,66.22.238.147,UDP,92,50568  >  50009 Len=50
192.168.1.69,66.22.238.147,UDP,1242,50568  >  50009 Len=1200
192.168.1.69,66.22.238.147,UDP,1242,50568  >  50009 Len=1200
192.168.1.69,66.22.238.147,UDP,1242,50568  >  50009 Len=1200
192.168.1.69,66.22.238.147,UDP,1242,50568  >  50009 Len=1200
192.168.1.69,66.22.238.147,UDP,1242,50568  >  50009 Len=1200
192.168.1.69,66.22.238.147,UDP,1242,50568  >  50009 Len=1200
192.168.1.69,66.22.238.147,UDP,1242,50568  >  50009 Len=1200
192.168.1.69,66.22.238.147,UDP,1242,50568  >  50009 Len=1200
192.168.1.69,66.22.238.147,UDP,1242,50568  >  50009 Len=1200
192.168.1.69,66.22.238.147,UDP,1242,50568  >  50009 Len=1200
192.168.1.69,66.22.238.147,UDP,1242,50568  >  50009 Len=1200
192.168.1.69,66.22.238.147,UDP,1242,50568  >  50009 Len=1200
192.168.1.69,66.22.238.147,UDP,1243,50568  >  50009 Len=1201
192.168.1.69,66.22.238.147,UDP,1243,50568  >  50009 Len=1201
192.168.1.69,66.22.238.147,UDP,1243,50568  >  50009 Len=1201
192.168.1.69,66.22.238.147,UDP,92,50568  >  50009 Len=50
192.168.1.69,66.22.238.147,UDP,1236,50568  >  50009 Len=1194
192.168.1.69,66.22.238.147,UDP,1236,50568  >  50009 Len=1194
192.168.1.69,66.22.238.147,UDP,1236,50568  >  50009 Len=1194
192.168.1.69,66.22.238.147,UDP,1236,50568  >  50009 Len=1194
192.168.1.69,66.22.238.147,UDP,1236,50568  >  50009 Len=1194
192.168.1.69,66.22.238.147,UDP,1236,50568  >  50009 Len=1194
192.168.1.69,66.22.238.147,UDP,1236,50568  >  50009 Len=1194
192.168.1.69,66.22.238.147,UDP,1236,50568  >  50009 Len=1194
192.168.1.69,142.250.180.138,UDP,75,62069  >  443 Len=33
192.168.1.69,142.251.209.42,UDP,282,49467  >  443 Len=240
192.168.1.69,66.22.238.147,UDP,92,50568  >  50009 Len=50
192.168.1.69,66.22.238.147,UDP,1157,50568  >  50009 Len=1115
192.168.1.69,66.22.238.147,UDP,1157,50568  >  50009 Len=1115
192.168.1.69,66.22.238.147,UDP,1157,50568  >  50009 Len=1115
192.168.1.69,66.22.238.147,UDP,1158,50568  >  50009 Len=1116
192.168.1.69,66.22.238.147,UDP,1158,50568  >  50009 Len=1116
192.168.1.69,142.251.209.42,UDP,75,49467  >  443 Len=33
192.168.1.69,66.22.238.147,UDP,92,50568  >  50009 Len=50
192.168.1.69,66.22.238.147,UDP,1186,50568  >  50009 Len=1144
192.168.1.69,66.22.238.147,UDP,1186,50568  >  50009 Len=1144
192.168.1.69,66.22.238.147,UDP,1186,50568  >  50009 Len=1144
192.168.1.69,66.22.238.147,UDP,1186,50568  >  50009 Len=1144
192.168.1.69,66.22.238.147,UDP,1186,50568  >  50009 Len=1144
192.168.1.69,66.22.238.147,UDP,1186,50568  >  50009 Len=1144
192.168.1.69,66.22.238.147,UDP,1186,50568  >  50009 Len=1144
192.168.1.69,66.22.238.147,UDP,1186,50568  >  50009 Len=1144
192.168.1.69,66.22.238.147,RTCP,102,Sender Report   
192.168.1.69,66.22.238.147,UDP,92,50568  >  50009 Len=50
192.168.1.69,66.22.238.147,UDP,1191,50568  >  50009 Len=1149
192.168.1.69,66.22.238.147,UDP,1191,50568  >  50009 Len=1149
192.168.1.69,66.22.238.147,UDP,1191,50568  >  50009 Len=1149
192.168.1.69,66.22.238.147,UDP,1191,50568  >  50009 Len=1149
192.168.1.69,66.22.238.147,UDP,1191,50568  >  50009 Len=1149
192.168.1.69,66.22.238.147,UDP,1192,50568  >  50009 Len=1150
192.168.1.69,66.22.238.147,UDP,1192,50568  >  50009 Len=1150
192.168.1.69,66.22.238.147,UDP,1192,50568  >  50009 Len=1150
192.168.1.69,66.22.238.147,UDP,1192,50568  >  50009 Len=1150
192.168.1.69,66.22.238.147,UDP,1192,50568  >  50009 Len=1150
192.168.1.69,66.22.238.147,UDP,1192,50568  >  50009 Len=1150
192.168.1.69,66.22.238.147,UDP,92,50568  >  50009 Len=50
192.168.1.69,66.22.238.147,UDP,1134,50568  >  50009 Len=1092
192.168.1.69,66.22.238.147,UDP,1134,50568  >  50009 Len=1092
192.168.1.69,66.22.238.147,UDP,1134,50568  >  50009 Len=1092
192.168.1.69,66.22.238.147,UDP,1134,50568  >  50009 Len=1092
192.168.1.69,66.22.238.147,UDP,1134,50568  >  50009 Len=1092
192.168.1.69,66.22.238.147,UDP,1134,50568  >  50009 Len=1092
192.168.1.69,66.22.238.147,UDP,1134,50568  >  50009 Len=1092
192.168.1.69,66.22.238.147,UDP,1135,50568  >  50009 Len=1093
192.168.1.69,142.251.209.42,UDP,77,49467  >  443 Len=35
192.168.1.69,142.250.180.138,UDP,569,62069  >  443 Len=527
192.168.1.69,66.22.238.147,UDP,92,50568  >  50009 Len=50
192.168.1.69,66.22.238.147,UDP,1239,50568  >  50009 Len=1197
192.168.1.69,66.22.238.147,UDP,1239,50568  >  50009 Len=1197
192.168.1.69,66.22.238.147,UDP,1239,50568  >  50009 Len=1197
192.168.1.69,66.22.238.147,UDP,1239,50568  >  50009 Len=1197
192.168.1.69,66.22.238.147,UDP,1240,50568  >  50009 Len=1198
192.168.1.69,66.22.238.147,UDP,1240,50568  >  50009 Len=1198
192.168.1.69,66.22.238.147,UDP,1240,50568  >  50009 Len=1198
192.168.1.69,142.250.180.138,UDP,75,62069  >  443 Len=33
192.168.1.69,142.251.209.42,UDP,75,49467  >  443 Len=33
192.168.1.69,142.251.209.42,UDP,75,49467  >  443 Len=33
192.168.1.69,66.22.238.147,UDP,92,50568  >  50009 Len=50
192.168.1.69,66.22.238.147,UDP,1139,50568  >  50009 Len=1097
192.168.1.69,66.22.238.147,UDP,1139,50568  >  50009 Len=1097
192.168.1.69,66.22.238.147,UDP,1140,50568  >  50009 Len=1098
192.168.1.69,66.22.238.147,UDP,1140,50568  >  50009 Len=1098
192.168.1.69,66.22.238.147,UDP,1140,50568  >  50009 Len=1098
192.168.1.69,66.22.238.147,UDP,1140,50568  >  50009 Len=1098
192.168.1.69,66.22.238.147,UDP,1140,50568  >  50009 Len=1098
192.168.1.69,66.22.238.147,UDP,1140,50568  >  50009 Len=1098
192.168.1.69,66.22.238.147,UDP,92,50568  >  50009 Len=50
192.168.1.69,66.22.238.147,UDP,1243,50568  >  50009 Len=1201
192.168.1.69,66.22.238.147,UDP,1243,50568  >  50009 Len=1201
192.168.1.69,66.22.238.147,UDP,1244,50568  >  50009 Len=1202
192.168.1.69,66.22.238.147,UDP,1244,50568  >  50009 Len=1202
192.168.1.69,66.22.238.147,UDP,1244,50568  >  50009 Len=1202
192.168.1.69,66.22.238.147,UDP,1244,50568  >  50009 Len=1202
192.168.1.69,66.22.238.147,UDP,1244,50568  >  50009 Len=1202
192.168.1.69,66.22.238.147,UDP,1244,50568  >  50009 Len=1202
192.168.1.69,66.22.238.147,UDP,92,50568  >  50009 Len=50
192.168.1.69,66.22.238.147,UDP,1191,50568  >  50009 Len=1149
192.168.1.69,66.22.238.147,UDP,1191,50568  >  50009 Len=1149
192.168.1.69,66.22.238.147,UDP,1192,50568  >  50009 Len=1150
192.168.1.69,66.22.238.147,UDP,1192,50568  >  50009 Len=1150
192.168.1.69,66.22.238.147,UDP,1192,50568  >  50009 Len=1150
192.168.1.69,66.22.238.147,UDP,1192,50568  >  50009 Len=1150
192.168.1.69,66.22.238.147,UDP,1192,50568  >  50009 Len=1150
192.168.1.69,66.22.238.147,UDP,1192,50568  >  50009 Len=1150
192.168.1.69,66.22.238.147,UDP,1192,50568  >  50009 Len=1150
192.168.1.69,66.22.238.147,UDP,1192,50568  >  50009 Len=1150
192.168.1.69,66.22.238.147,UDP,1192,50568  >  50009 Len=1150
192.168.1.69,66.22.238.147,UDP,1192,50568  >  50009 Len=1150
192.168.1.69,142.250.180.138,UDP,80,62069  >  443 Len=38
192.168.1.69,66.22.238.147,RTCP,102,Sender Report   
192.168.1.69,66.22.238.147,UDP,92,50568  >  50009 Len=50
192.168.1.69,66.22.238.147,UDP,1147,50568  >  50009 Len=1105
192.168.1.69,66.22.238.147,UDP,1147,50568  >  50009 Len=1105
192.168.1.69,66.22.238.147,UDP,1147,50568  >  50009 Len=1105
192.168.1.69,66.22.238.147,UDP,1147,50568  >  50009 Len=1105
192.168.1.69,66.22.238.147,UDP,1147,50568  >  50009 Len=1105
192.168.1.69,66.22.238.147,UDP,1147,50568  >  50009 Len=1105
192.168.1.69,66.22.238.147,UDP,1147,50568  >  50009 Len=1105
192.168.1.69,66.22.238.147,UDP,1148,50568  >  50009 Len=1106
192.168.1.69,66.22.238.147,UDP,1148,50568  >  50009 Len=1106
192.168.1.69,66.22.238.147,UDP,1148,50568  >  50009 Len=1106
192.168.1.69,66.22.238.147,UDP,92,50568  >  50009 Len=50
192.168.1.69,66.22.238.147,UDP,1226,50568  >  50009 Len=1184
192.168.1.69,66.22.238.147,UDP,1226,50568  >  50009 Len=1184
192.168.1.69,66.22.238.147,UDP,1226,50568  >  50009 Len=1184
192.168.1.69,66.22.238.147,UDP,1226,50568  >  50009 Len=1184
192.168.1.69,66.22.238.147,UDP,1226,50568  >  50009 Len=1184
192.168.1.69,66.22.238.147,UDP,1226,50568  >  50009 Len=1184
192.168.1.69,66.22.238.147,UDP,1226,50568  >  50009 Len=1184
192.168.1.69,66.22.238.147,UDP,1226,50568  >  50009 Len=1184
192.168.1.69,66.22.238.147,UDP,1226,50568  >  50009 Len=1184
192.168.1.69,66.22.238.147,UDP,1227,50568  >  50009 Len=1185
192.168.1.69,66.22.238.147,UDP,1227,50568  >  50009 Len=1185
192.168.1.69,66.22.238.147,UDP,92,50568  >  50009 Len=50
192.168.1.69,66.22.238.147,UDP,1239,50568  >  50009 Len=1197
192.168.1.69,66.22.238.147,UDP,1240,50568  >  50009 Len=1198
192.168.1.69,66.22.238.147,UDP,1240,50568  >  50009 Len=1198
192.168.1.69,66.22.238.147,UDP,1240,50568  >  50009 Len=1198
192.168.1.69,66.22.238.147,UDP,1240,50568  >  50009 Len=1198
192.168.1.69,66.22.238.147,UDP,92,50568  >  50009 Len=50
192.168.1.69,66.22.238.147,UDP,1143,50568  >  50009 Len=1101
192.168.1.69,66.22.238.147,UDP,1144,50568  >  50009 Len=1102
192.168.1.69,66.22.238.147,UDP,1144,50568  >  50009 Len=1102
192.168.1.69,66.22.238.147,UDP,1144,50568  >  50009 Len=1102
192.168.1.69,66.22.238.147,UDP,1144,50568  >  50009 Len=1102
192.168.1.69,66.22.238.147,UDP,1144,50568  >  50009 Len=1102
192.168.1.69,66.22.238.147,UDP,1144,50568  >  50009 Len=1102
192.168.1.69,66.22.238.147,UDP,92,50568  >  50009 Len=50
192.168.1.69,66.22.238.147,UDP,1208,50568  >  50009 Len=1166
192.168.1.69,66.22.238.147,UDP,1208,50568  >  50009 Len=1166
192.168.1.69,66.22.238.147,UDP,1208,50568  >  50009 Len=1166
192.168.1.69,66.22.238.147,UDP,1208,50568  >  50009 Len=1166
192.168.1.69,66.22.238.147,UDP,1209,50568  >  50009 Len=1167
192.168.1.69,66.22.238.147,UDP,1209,50568  >  50009 Len=1167
192.168.1.69,66.22.238.147,UDP,1209,50568  >  50009 Len=1167
192.168.1.69,66.22.238.147,RTCP,102,Sender Report   
192.168.1.69,66.22.238.147,UDP,92,50568  >  50009 Len=50
192.168.1.69,66.22.238.147,UDP,1251,50568  >  50009 Len=1209
192.168.1.69,66.22.238.147,UDP,1251,50568  >  50009 Len=1209
192.168.1.69,66.22.238.147,UDP,1251,50568  >  50009 Len=1209
192.168.1.69,66.22.238.147,UDP,1251,50568  >  50009 Len=1209
192.168.1.69,66.22.238.147,UDP,1251,50568  >  50009 Len=1209
192.168.1.69,66.22.238.147,UDP,1251,50568  >  50009 Len=1209
192.168.1.69,66.22.238.147,UDP,1252,50568  >  50009 Len=1210
192.168.1.69,66.22.238.147,UDP,1252,50568  >  50009 Len=1210
192.168.1.69,66.22.238.147,UDP,92,50568  >  50009 Len=50
192.168.1.69,66.22.238.147,UDP,1204,50568  >  50009 Len=1162
192.168.1.69,66.22.238.147,UDP,1205,50568  >  50009 Len=1163
192.168.1.69,66.22.238.147,UDP,1205,50568  >  50009 Len=1163
192.168.1.69,66.22.238.147,UDP,1205,50568  >  50009 Len=1163
192.168.1.69,66.22.238.147,UDP,1205,50568  >  50009 Len=1163
192.168.1.69,66.22.238.147,UDP,1205,50568  >  50009 Len=1163
192.168.1.69,66.22.238.147,UDP,1205,50568  >  50009 Len=1163
192.168.1.69,66.22.238.147,UDP,1205,50568  >  50009 Len=1163
192.168.1.69,66.22.238.147,UDP,1205,50568  >  50009 Len=1163
192.168.1.69,66.22.238.147,UDP,1205,50568  >  50009 Len=1163
192.168.1.69,66.22.238.147,UDP,92,50568  >  50009 Len=50
192.168.1.69,66.22.238.147,UDP,1205,50568  >  50009 Len=1163
192.168.1.69,66.22.238.147,UDP,1205,50568  >  50009 Len=1163
192.168.1.69,66.22.238.147,UDP,1205,50568  >  50009 Len=1163
192.168.1.69,66.22.238.147,UDP,1205,50568  >  50009 Len=1163
192.168.1.69,66.22.238.147,UDP,1205,50568  >  50009 Len=1163
192.168.1.69,66.22.238.147,UDP,1205,50568  >  50009 Len=1163
192.168.1.69,66.22.238.147,UDP,1205,50568  >  50009 Len=1163
192.168.1.69,66.22.238.147,UDP,1205,50568  >  50009 Len=1163
192.168.1.69,66.22.238.147,UDP,1206,50568  >  50009 Len=1164
192.168.1.69,66.22.238.147,UDP,1206,50568  >  50009 Len=1164
192.168.1.69,66.22.238.147,UDP,1206,50568  >  50009 Len=1164
192.168.1.69,66.22.238.147,UDP,1206,50568  >  50009 Len=1164
192.168.1.69,66.22.238.147,UDP,1206,50568  >  50009 Len=1164
192.168.1.69,66.22.238.147,UDP,1206,50568  >  50009 Len=1164
192.168.1.69,66.22.238.147,UDP,92,50568  >  50009 Len=50
192.168.1.69,66.22.238.147,UDP,1177,50568  >  50009 Len=1135
192.168.1.69,66.22.238.147,UDP,1177,50568  >  50009 Len=1135
192.168.1.69,66.22.238.147,UDP,1177,50568  >  50009 Len=1135
192.168.1.69,66.22.238.147,UDP,1177,50568  >  50009 Len=1135
192.168.1.69,66.22.238.147,UDP,1177,50568  >  50009 Len=1135
192.168.1.69,66.22.238.147,UDP,1177,50568  >  50009 Len=1135
192.168.1.69,66.22.238.147,UDP,1177,50568  >  50009 Len=1135
192.168.1.69,66.22.238.147,UDP,1177,50568  >  50009 Len=1135
192.168.1.69,66.22.238.147,UDP,1177,50568  >  50009 Len=1135
192.168.1.69,66.22.238.147,RTCP,118,Sender Report   
192.168.1.69,66.22.238.147,UDP,92,50568  >  50009 Len=50
192.168.1.69,66.22.238.147,UDP,1244,50568  >  50009 Len=1202
192.168.1.69,66.22.238.147,UDP,1244,50568  >  50009 Len=1202
192.168.1.69,66.22.238.147,UDP,1244,50568  >  50009 Len=1202
192.168.1.69,66.22.238.147,UDP,1244,50568  >  50009 Len=1202
192.168.1.69,66.22.238.147,UDP,1245,50568  >  50009 Len=1203
192.168.1.69,66.22.238.147,UDP,1245,50568  >  50009 Len=1203
192.168.1.69,66.22.238.147,UDP,1245,50568  >  50009 Len=1203
192.168.1.69,66.22.238.147,UDP,1245,50568  >  50009 Len=1203
192.168.1.69,66.22.238.147,UDP,92,50568  >  50009 Len=50
192.168.1.69,66.22.238.147,UDP,1147,50568  >  50009 Len=1105
192.168.1.69,66.22.238.147,UDP,1147,50568  >  50009 Len=1105
192.168.1.69,66.22.238.147,UDP,1147,50568  >  50009 Len=1105
192.168.1.69,66.22.238.147,UDP,1147,50568  >  50009 Len=1105
192.168.1.69,66.22.238.147,UDP,1147,50568  >  50009 Len=1105
192.168.1.69,66.22.238.147,UDP,1147,50568  >  50009 Len=1105
192.168.1.69,66.22.238.147,UDP,1148,50568  >  50009 Len=1106
192.168.1.69,66.22.238.147,UDP,1148,50568  >  50009 Len=1106
192.168.1.69,66.22.238.147,UDP,1148,50568  >  50009 Len=1106
192.168.1.69,66.22.238.147,UDP,92,50568  >  50009 Len=50
192.168.1.69,66.22.238.147,UDP,1183,50568  >  50009 Len=1141
192.168.1.69,66.22.238.147,UDP,1183,50568  >  50009 Len=1141
192.168.1.69,66.22.238.147,UDP,1183,50568  >  50009 Len=1141
192.168.1.69,66.22.238.147,UDP,1183,50568  >  50009 Len=1141
192.168.1.69,66.22.238.147,UDP,1183,50568  >  50009 Len=1141
192.168.1.69,66.22.238.147,UDP,1184,50568  >  50009 Len=1142
192.168.1.69,66.22.238.147,UDP,1184,50568  >  50009 Len=1142
192.168.1.69,66.22.238.147,UDP,1184,50568  >  50009 Len=1142
192.168.1.69,66.22.238.147,UDP,1184,50568  >  50009 Len=1142
192.168.1.69,66.22.238.147,RTCP,102,Sender Report   
192.168.1.69,66.22.238.147,UDP,92,50568  >  50009 Len=50
192.168.1.69,66.22.238.147,UDP,1256,50568  >  50009 Len=1214
192.168.1.69,66.22.238.147,UDP,1257,50568  >  50009 Len=1215
192.168.1.69,66.22.238.147,UDP,1257,50568  >  50009 Len=1215
192.168.1.69,66.22.238.147,UDP,1257,50568  >  50009 Len=1215
192.168.1.69,66.22.238.147,UDP,1257,50568  >  50009 Len=1215
192.168.1.69,66.22.238.147,UDP,1257,50568  >  50009 Len=1215
192.168.1.69,66.22.238.147,UDP,1257,50568  >  50009 Len=1215
192.168.1.69,66.22.238.147,UDP,1257,50568  >  50009 Len=1215
192.168.1.69,66.22.238.147,UDP,1257,50568  >  50009 Len=1215
192.168.1.69,66.22.238.147,UDP,1257,50568  >  50009 Len=1215
192.168.1.69,66.22.238.147,UDP,92,50568  >  50009 Len=50
192.168.1.69,66.22.238.147,UDP,1186,50568  >  50009 Len=1144
192.168.1.69,66.22.238.147,UDP,1186,50568  >  50009 Len=1144
192.168.1.69,66.22.238.147,UDP,1186,50568  >  50009 Len=1144
192.168.1.69,66.22.238.147,UDP,1186,50568  >  50009 Len=1144
192.168.1.69,66.22.238.147,UDP,1186,50568  >  50009 Len=1144
192.168.1.69,66.22.238.147,UDP,1186,50568  >  50009 Len=1144
192.168.1.69,66.22.238.147,UDP,1186,50568  >  50009 Len=1144
192.168.1.69,66.22.238.147,UDP,1186,50568  >  50009 Len=1144
192.168.1.69,66.22.238.147,UDP,1187,50568  >  50009 Len=1145
192.168.1.69,66.22.238.147,UDP,1187,50568  >  50009 Len=1145
192.168.1.69,66.22.238.147,UDP,1187,50568  >  50009 Len=1145
192.168.1.69,66.22.238.147,UDP,1187,50568  >  50009 Len=1145
192.168.1.69,66.22.238.147,UDP,92,50568  >  50009 Len=50
192.168.1.69,66.22.238.147,UDP,1212,50568  >  50009 Len=1170
192.168.1.69,66.22.238.147,UDP,1212,50568  >  50009 Len=1170
192.168.1.69,66.22.238.147,UDP,1212,50568  >  50009 Len=1170
192.168.1.69,66.22.238.147,UDP,1212,50568  >  50009 Len=1170
192.168.1.69,66.22.238.147,UDP,1212,50568  >  50009 Len=1170
192.168.1.69,66.22.238.147,UDP,1213,50568  >  50009 Len=1171
192.168.1.69,66.22.238.147,UDP,1213,50568  >  50009 Len=1171
192.168.1.69,66.22.238.147,UDP,1213,50568  >  50009 Len=1171
192.168.1.69,66.22.238.147,UDP,1213,50568  >  50009 Len=1171
192.168.1.69,66.22.238.147,RTCP,102,Sender Report   
192.168.1.69,66.22.238.147,UDP,1213,50568  >  50009 Len=1171
192.168.1.69,66.22.238.147,UDP,1213,50568  >  50009 Len=1171
192.168.1.69,66.22.238.147,UDP,1213,50568  >  50009 Len=1171
192.168.1.69,66.22.238.147,UDP,1213,50568  >  50009 Len=1171
192.168.1.69,66.22.238.147,UDP,1213,50568  >  50009 Len=1171
192.168.1.69,66.22.238.147,UDP,92,50568  >  50009 Len=50
192.168.1.69,66.22.238.147,UDP,1241,50568  >  50009 Len=1199
192.168.1.69,66.22.238.147,UDP,1241,50568  >  50009 Len=1199
192.168.1.69,66.22.238.147,UDP,1241,50568  >  50009 Len=1199
192.168.1.69,66.22.238.147,UDP,1241,50568  >  50009 Len=1199
192.168.1.69,66.22.238.147,UDP,1241,50568  >  50009 Len=1199
192.168.1.69,66.22.238.147,UDP,1241,50568  >  50009 Len=1199
192.168.1.69,66.22.238.147,UDP,1242,50568  >  50009 Len=1200
192.168.1.69,66.22.238.147,UDP,1242,50568  >  50009 Len=1200
192.168.1.69,66.22.238.147,UDP,1242,50568  >  50009 Len=1200
192.168.1.69,66.22.238.147,UDP,1242,50568  >  50009 Len=1200
192.168.1.69,66.22.238.147,UDP,1242,50568  >  50009 Len=1200
192.168.1.69,66.22.238.147,UDP,1242,50568  >  50009 Len=1200
192.168.1.69,66.22.238.147,UDP,1242,50568  >  50009 Len=1200
192.168.1.69,66.22.238.147,UDP,1242,50568  >  50009 Len=1200
192.168.1.69,66.22.238.147,UDP,92,50568  >  50009 Len=50
192.168.1.69,66.22.238.147,UDP,1206,50568  >  50009 Len=1164
192.168.1.69,66.22.238.147,UDP,1206,50568  >  50009 Len=1164
192.168.1.69,66.22.238.147,UDP,1206,50568  >  50009 Len=1164
192.168.1.69,66.22.238.147,UDP,1206,50568  >  50009 Len=1164
192.168.1.69,66.22.238.147,UDP,1207,50568  >  50009 Len=1165
192.168.1.69,66.22.238.147,UDP,1207,50568  >  50009 Len=1165
192.168.1.69,66.22.238.147,UDP,1207,50568  >  50009 Len=1165
192.168.1.69,66.22.238.147,UDP,1207,50568  >  50009 Len=1165
192.168.1.69,66.22.238.147,UDP,1207,50568  >  50009 Len=1165
192.168.1.69,142.251.209.14,UDP,418,63972  >  443 Len=376
192.168.1.69,66.22.238.147,UDP,92,50568  >  50009 Len=50
192.168.1.69,66.22.238.147,UDP,1168,50568  >  50009 Len=1126
192.168.1.69,66.22.238.147,UDP,1168,50568  >  50009 Len=1126
192.168.1.69,66.22.238.147,UDP,1168,50568  >  50009 Len=1126
192.168.1.69,66.22.238.147,UDP,1168,50568  >  50009 Len=1126
192.168.1.69,66.22.238.147,UDP,1169,50568  >  50009 Len=1127
192.168.1.69,66.22.238.147,UDP,1169,50568  >  50009 Len=1127
192.168.1.69,66.22.238.147,UDP,1169,50568  >  50009 Len=1127
192.168.1.69,66.22.238.147,UDP,1169,50568  >  50009 Len=1127
192.168.1.69,142.251.209.14,UDP,76,63972  >  443 Len=34
192.168.1.69,66.22.238.147,UDP,92,50568  >  50009 Len=50
192.168.1.69,66.22.238.147,UDP,1196,50568  >  50009 Len=1154
192.168.1.69,66.22.238.147,UDP,1196,50568  >  50009 Len=1154
192.168.1.69,66.22.238.147,UDP,1196,50568  >  50009 Len=1154
192.168.1.69,66.22.238.147,UDP,1196,50568  >  50009 Len=1154
192.168.1.69,66.22.238.147,UDP,1196,50568  >  50009 Len=1154
192.168.1.69,66.22.238.147,UDP,1196,50568  >  50009 Len=1154
192.168.1.69,66.22.238.147,UDP,1196,50568  >  50009 Len=1154
192.168.1.69,66.22.238.147,UDP,1196,50568  >  50009 Len=1154
192.168.1.69,66.22.238.147,UDP,1196,50568  >  50009 Len=1154
192.168.1.69,66.22.238.147,UDP,92,50568  >  50009 Len=50
192.168.1.69,66.22.238.147,UDP,1247,50568  >  50009 Len=1205
192.168.1.69,66.22.238.147,UDP,1247,50568  >  50009 Len=1205
192.168.1.69,66.22.238.147,UDP,1247,50568  >  50009 Len=1205
192.168.1.69,66.22.238.147,UDP,1247,50568  >  50009 Len=1205
192.168.1.69,66.22.238.147,UDP,1247,50568  >  50009 Len=1205
192.168.1.69,66.22.238.147,UDP,1248,50568  >  50009 Len=1206
192.168.1.69,66.22.238.147,UDP,1248,50568  >  50009 Len=1206
192.168.1.69,66.22.238.147,UDP,92,50568  >  50009 Len=50
192.168.1.69,66.22.238.147,UDP,1234,50568  >  50009 Len=1192
192.168.1.69,66.22.238.147,UDP,1234,50568  >  50009 Len=1192
192.168.1.69,66.22.238.147,UDP,1234,50568  >  50009 Len=1192
192.168.1.69,66.22.238.147,UDP,1234,50568  >  50009 Len=1192
192.168.1.69,66.22.238.147,UDP,1234,50568  >  50009 Len=1192
192.168.1.69,66.22.238.147,RTCP,102,Sender Report   
192.168.1.69,66.22.238.147,UDP,1234,50568  >  50009 Len=1192
192.168.1.69,66.22.238.147,UDP,1235,50568  >  50009 Len=1193
192.168.1.69,66.22.238.147,UDP,92,50568  >  50009 Len=50
192.168.1.69,66.22.238.147,UDP,1194,50568  >  50009 Len=1152
192.168.1.69,66.22.238.147,UDP,1194,50568  >  50009 Len=1152
192.168.1.69,66.22.238.147,UDP,1194,50568  >  50009 Len=1152
192.168.1.69,66.22.238.147,UDP,1194,50568  >  50009 Len=1152
192.168.1.69,66.22.238.147,UDP,1194,50568  >  50009 Len=1152
192.168.1.69,66.22.238.147,UDP,1194,50568  >  50009 Len=1152
192.168.1.69,66.22.238.147,UDP,1195,50568  >  50009 Len=1153
192.168.1.69,66.22.238.147,UDP,1195,50568  >  50009 Len=1153
192.168.1.69,142.251.209.14,UDP,82,63972  >  443 Len=40
192.168.1.69,142.251.209.14,UDP,76,63972  >  443 Len=34
192.168.1.69,66.22.238.147,UDP,92,50568  >  50009 Len=50
192.168.1.69,66.22.238.147,UDP,1173,50568  >  50009 Len=1131
192.168.1.69,66.22.238.147,UDP,1173,50568  >  50009 Len=1131
192.168.1.69,66.22.238.147,UDP,1173,50568  >  50009 Len=1131
192.168.1.69,66.22.238.147,UDP,1173,50568  >  50009 Len=1131
192.168.1.69,66.22.238.147,UDP,1173,50568  >  50009 Len=1131
192.168.1.69,66.22.238.147,UDP,1173,50568  >  50009 Len=1131
192.168.1.69,66.22.238.147,UDP,1173,50568  >  50009 Len=1131
192.168.1.69,66.22.238.147,UDP,1173,50568  >  50009 Len=1131
192.168.1.69,151.100.174.34,TCP,54,57095  >  5022 [ACK] Seq=1 Ack=43 Win=514 Len=0
192.168.1.69,66.22.238.147,UDP,92,50568  >  50009 Len=50
192.168.1.69,66.22.238.147,UDP,1244,50568  >  50009 Len=1202
192.168.1.69,66.22.238.147,UDP,1244,50568  >  50009 Len=1202
192.168.1.69,66.22.238.147,UDP,1244,50568  >  50009 Len=1202
192.168.1.69,66.22.238.147,UDP,1244,50568  >  50009 Len=1202
192.168.1.69,66.22.238.147,UDP,1244,50568  >  50009 Len=1202
192.168.1.69,66.22.238.147,UDP,1244,50568  >  50009 Len=1202
192.168.1.69,66.22.238.147,UDP,1245,50568  >  50009 Len=1203
192.168.1.69,66.22.238.147,UDP,1245,50568  >  50009 Len=1203
192.168.1.69,66.22.238.147,UDP,1245,50568  >  50009 Len=1203
192.168.1.69,66.22.238.147,UDP,1245,50568  >  50009 Len=1203
192.168.1.69,66.22.238.147,UDP,92,50568  >  50009 Len=50
192.168.1.69,66.22.238.147,UDP,1242,50568  >  50009 Len=1200
192.168.1.69,66.22.238.147,UDP,1242,50568  >  50009 Len=1200
192.168.1.69,66.22.238.147,UDP,1242,50568  >  50009 Len=1200
192.168.1.69,66.22.238.147,UDP,1242,50568  >  50009 Len=1200
192.168.1.69,66.22.238.147,UDP,1242,50568  >  50009 Len=1200
192.168.1.69,66.22.238.147,UDP,1243,50568  >  50009 Len=1201
192.168.1.69,66.22.238.147,UDP,1243,50568  >  50009 Len=1201
192.168.1.69,66.22.238.147,UDP,1243,50568  >  50009 Len=1201
192.168.1.69,66.22.238.147,UDP,92,50568  >  50009 Len=50
192.168.1.69,66.22.238.147,UDP,1256,50568  >  50009 Len=1214
192.168.1.69,66.22.238.147,UDP,1256,50568  >  50009 Len=1214
192.168.1.69,66.22.238.147,UDP,1256,50568  >  50009 Len=1214
192.168.1.69,66.22.238.147,UDP,1256,50568  >  50009 Len=1214
192.168.1.69,66.22.238.147,UDP,1257,50568  >  50009 Len=1215
192.168.1.69,66.22.238.147,UDP,1257,50568  >  50009 Len=1215
192.168.1.69,66.22.238.147,UDP,1257,50568  >  50009 Len=1215
192.168.1.69,66.22.238.147,UDP,1257,50568  >  50009 Len=1215
192.168.1.69,66.22.238.147,UDP,92,50568  >  50009 Len=50
192.168.1.69,66.22.238.147,UDP,1158,50568  >  50009 Len=1116
192.168.1.69,66.22.238.147,UDP,1158,50568  >  50009 Len=1116
192.168.1.69,66.22.238.147,UDP,1158,50568  >  50009 Len=1116
192.168.1.69,66.22.238.147,UDP,1158,50568  >  50009 Len=1116
192.168.1.69,66.22.238.147,UDP,1159,50568  >  50009 Len=1117
192.168.1.69,66.22.238.147,UDP,1159,50568  >  50009 Len=1117
192.168.1.69,66.22.238.147,UDP,1159,50568  >  50009 Len=1117
192.168.1.69,66.22.238.147,UDP,1159,50568  >  50009 Len=1117
192.168.1.69,66.22.238.147,UDP,1159,50568  >  50009 Len=1117
192.168.1.69,66.22.238.147,RTCP,118,Sender Report   
192.168.1.69,66.22.238.147,UDP,92,50568  >  50009 Len=50